{"stats":{"minecraft:killed":{"minecraft:chicken":3,"minecraft:cow":2},"minecraft:custom":{"minecraft:open_chest":1,"minecraft:time_since_rest":5417,"minecraft:crouch_one_cm":72,"minecraft:play_time":5417,"minecraft:sprint_one_cm":5799,"minecraft:damage_taken":210,"minecraft:walk_one_cm":18013,"minecraft:sneak_time":32,"minecraft:walk_under_water_one_cm":2999,"minecraft:mob_kills":5,"minecraft:jump":91,"minecraft:damage_dealt":320,"minecraft:leave_game":1,"minecraft:walk_on_water_one_cm":2663,"minecraft:time_since_death":5417,"minecraft:total_world_time":5417,"minecraft:swim_one_cm":17960,"minecraft:fall_one_cm":1941,"minecraft:fly_one_cm":15200},"minecraft:mined":{"minecraft:grass":7,"minecraft:grass_block":2,"minecraft:chest":1,"minecraft:dirt":1,"minecraft:sugar_cane":1},"minecraft:used":{"minecraft:dirt":21},"minecraft:picked_up":{"minecraft:feather":3,"minecraft:chicken":3,"minecraft:kelp":1,"minecraft:leather":1,"minecraft:beef":3,"minecraft:sugar_cane":4,"minecraft:chest":1,"minecraft:dirt":21}},"DataVersion":3465}