{"stats":{"minecraft:picked_up":{"minecraft:sugar_cane":5},"minecraft:mined":{"minecraft:grass":1,"minecraft:sugar_cane":2},"minecraft:dropped":{"alexsmobs:animal_dictionary":1},"minecraft:custom":{"minecraft:jump":94,"minecraft:time_since_rest":4844,"minecraft:walk_on_water_one_cm":253,"minecraft:sprint_one_cm":14211,"minecraft:play_time":4844,"minecraft:damage_taken":65,"minecraft:time_since_death":4844,"minecraft:walk_one_cm":3288,"minecraft:total_world_time":4844,"minecraft:walk_under_water_one_cm":362,"minecraft:swim_one_cm":1383,"minecraft:drop":1,"minecraft:fall_one_cm":3237,"minecraft:fly_one_cm":21997}},"DataVersion":3465}