{"stats":{"minecraft:killed":{"minecraft:chicken":3,"minecraft:cow":2},"minecraft:custom":{"minecraft:time_since_rest":7286,"minecraft:open_chest":1,"minecraft:crouch_one_cm":72,"minecraft:play_time":7286,"minecraft:sprint_one_cm":6100,"minecraft:damage_taken":210,"minecraft:walk_one_cm":21195,"minecraft:sneak_time":32,"minecraft:walk_under_water_one_cm":2999,"minecraft:mob_kills":5,"minecraft:jump":96,"minecraft:damage_dealt":320,"minecraft:leave_game":2,"minecraft:time_since_death":7286,"minecraft:walk_on_water_one_cm":2663,"minecraft:total_world_time":7286,"minecraft:fish_caught":2,"minecraft:swim_one_cm":17960,"minecraft:fall_one_cm":1941,"minecraft:fly_one_cm":16704},"minecraft:mined":{"minecraft:grass":7,"minecraft:grass_block":2,"minecraft:chest":1,"minecraft:dirt":1,"minecraft:sugar_cane":1},"minecraft:used":{"minecraft:fishing_rod":5,"minecraft:dirt":21},"minecraft:picked_up":{"minecraft:name_tag":1,"minecraft:pufferfish":2,"minecraft:feather":3,"minecraft:chicken":3,"minecraft:kelp":1,"minecraft:leather":1,"minecraft:beef":3,"minecraft:sugar_cane":4,"minecraft:chest":1,"minecraft:dirt":21}},"DataVersion":3465}