{"stats":{"minecraft:picked_up":{"minecraft:crafting_table":1,"minecraft:oak_log":4,"minecraft:dirt":13,"minecraft:stone_sword":1,"minecraft:wheat_seeds":1,"delightful:acorn":1,"minecraft:oak_sapling":1,"minecraft:sugar_cane":20,"minecraft:coal":24,"minecraft:cobblestone":18,"minecraft:furnace":1},"minecraft:mined":{"minecraft:furnace":1,"treechop:chopped_log":1,"minecraft:crafting_table":1,"minecraft:grass":5,"minecraft:oak_log":1,"minecraft:grass_block":4,"minecraft:coal_ore":24,"minecraft:dirt":9,"minecraft:stone":18,"minecraft:sugar_cane":10},"minecraft:dropped":{"minecraft:stone_sword":1,"alexsmobs:animal_dictionary":1},"minecraft:crafted":{"minecraft:oak_planks":16,"minecraft:stone_shovel":1,"minecraft:crafting_table":1,"minecraft:stick":12,"minecraft:wooden_pickaxe":1,"minecraft:stone_pickaxe":1,"minecraft:stone_sword":1,"minecraft:furnace":1,"minecraft:stone_axe":1},"minecraft:used":{"minecraft:stone_pickaxe":1,"minecraft:wooden_pickaxe":42,"minecraft:stone_axe":1,"minecraft:crafting_table":1,"minecraft:furnace":1},"minecraft:custom":{"minecraft:time_since_rest":20360,"minecraft:interact_with_furnace":1,"minecraft:sprint_one_cm":25277,"minecraft:damage_taken":75,"minecraft:walk_one_cm":30844,"minecraft:drop":2,"minecraft:damage_dealt":10,"minecraft:interact_with_crafting_table":5,"minecraft:swim_one_cm":3515,"minecraft:fly_one_cm":42298,"minecraft:play_time":20360,"minecraft:sneak_time":24,"minecraft:walk_under_water_one_cm":710,"minecraft:jump":205,"minecraft:leave_game":1,"minecraft:walk_on_water_one_cm":757,"minecraft:time_since_death":20360,"minecraft:total_world_time":20360,"minecraft:fall_one_cm":6432}},"DataVersion":3465}