{"stats":{"minecraft:picked_up":{"minecraft:raw_iron":1,"minecraft:feather":7,"minecraft:chicken":6,"minecraft:andesite":2,"minecraft:leather":1,"minecraft:sand":10,"minecraft:oak_log":11,"minecraft:dirt":22,"minecraft:name_tag":1,"minecraft:pufferfish":2,"minecraft:kelp":1,"minecraft:tropical_fish":1,"minecraft:beef":3,"minecraft:sugar_cane":4,"minecraft:chest":1,"minecraft:cod":1,"minecraft:cobblestone":41,"minecraft:egg":1},"minecraft:crafted":{"minecraft:oak_planks":44,"minecraft:stone_shovel":1,"minecraft:crafting_table":1,"minecraft:stick":12,"minecraft:wooden_pickaxe":1,"minecraft:stone_pickaxe":1,"minecraft:stone_sword":1,"minecraft:chest":1,"minecraft:furnace":1,"minecraft:stone_axe":1},"minecraft:mined":{"minecraft:iron_ore":1,"minecraft:andesite":2,"minecraft:grass":7,"minecraft:grass_block":3,"minecraft:oak_log":11,"minecraft:chest":1,"minecraft:sand":10,"minecraft:dirt":1,"minecraft:stone":42,"minecraft:sugar_cane":1},"minecraft:killed_by":{"minecraft:zombie":1},"minecraft:killed":{"minecraft:chicken":6,"minecraft:cow":2},"minecraft:used":{"minecraft:stone_sword":3,"minecraft:stone_pickaxe":10,"minecraft:wooden_pickaxe":35,"minecraft:fishing_rod":10,"minecraft:dirt":22,"minecraft:crafting_table":1,"minecraft:furnace":1},"minecraft:custom":{"minecraft:time_since_rest":10698,"minecraft:sprint_one_cm":42437,"minecraft:damage_taken":260,"minecraft:walk_one_cm":48290,"minecraft:mob_kills":8,"minecraft:damage_dealt":440,"minecraft:swim_one_cm":19865,"minecraft:interact_with_crafting_table":4,"minecraft:fly_one_cm":63144,"minecraft:open_chest":1,"minecraft:crouch_one_cm":350,"minecraft:play_time":19426,"minecraft:deaths":1,"minecraft:sneak_time":115,"minecraft:walk_under_water_one_cm":4012,"minecraft:jump":290,"minecraft:leave_game":3,"minecraft:walk_on_water_one_cm":6955,"minecraft:time_since_death":10669,"minecraft:total_world_time":19426,"minecraft:fish_caught":4,"minecraft:fall_one_cm":6597}},"DataVersion":3465}