{"stats":{"minecraft:picked_up":{"minecraft:name_tag":1,"minecraft:feather":3,"minecraft:pufferfish":2,"minecraft:chicken":3,"minecraft:tropical_fish":1,"minecraft:kelp":1,"minecraft:leather":1,"minecraft:beef":3,"minecraft:sand":10,"minecraft:sugar_cane":4,"minecraft:chest":1,"minecraft:cod":1,"minecraft:dirt":21},"minecraft:mined":{"minecraft:grass":7,"minecraft:grass_block":2,"minecraft:chest":1,"minecraft:sand":10,"minecraft:dirt":1,"minecraft:sugar_cane":1},"minecraft:killed_by":{"minecraft:zombie":1},"minecraft:killed":{"minecraft:chicken":3,"minecraft:cow":2},"minecraft:used":{"minecraft:fishing_rod":10,"minecraft:dirt":21},"minecraft:custom":{"minecraft:open_chest":1,"minecraft:time_since_rest":3418,"minecraft:deaths":1,"minecraft:damage_taken":260,"minecraft:crouch_one_cm":72,"minecraft:play_time":12146,"minecraft:sprint_one_cm":20952,"minecraft:walk_one_cm":35205,"minecraft:sneak_time":32,"minecraft:walk_under_water_one_cm":2999,"minecraft:mob_kills":5,"minecraft:jump":169,"minecraft:damage_dealt":320,"minecraft:leave_game":2,"minecraft:time_since_death":3389,"minecraft:walk_on_water_one_cm":3439,"minecraft:total_world_time":12146,"minecraft:fish_caught":4,"minecraft:swim_one_cm":17960,"minecraft:fall_one_cm":3822,"minecraft:fly_one_cm":38678}},"DataVersion":3465}