{"stats":{"minecraft:picked_up":{"minecraft:stick":2,"delightful:acorn":1,"minecraft:oak_log":7,"minecraft:oak_sapling":5,"minecraft:dirt":3,"minecraft:oak_planks":4,"alexsmobs:animal_dictionary":3,"minecraft:cobblestone":3},"minecraft:mined":{"minecraft:grass":1,"minecraft:grass_block":2,"minecraft:dirt":1,"minecraft:tall_grass":1,"minecraft:stone":3,"minecraft:oak_planks":2,"treechop:chopped_log":1},"minecraft:crafted":{"minecraft:oak_planks":28,"minecraft:stone_axe":1,"minecraft:crafting_table":1,"minecraft:stick":4,"minecraft:wooden_pickaxe":1},"minecraft:dropped":{"minecraft:oak_planks":2,"alexsmobs:animal_dictionary":3},"minecraft:used":{"minecraft:dirt":3,"minecraft:crafting_table":1,"minecraft:oak_planks":2,"minecraft:wooden_pickaxe":3},"minecraft:custom":{"minecraft:time_since_rest":17090,"minecraft:crouch_one_cm":1076,"minecraft:play_time":17090,"minecraft:sprint_one_cm":16992,"minecraft:damage_taken":10,"minecraft:walk_one_cm":44665,"minecraft:sneak_time":147,"minecraft:walk_under_water_one_cm":367,"minecraft:drop":5,"minecraft:jump":106,"minecraft:damage_dealt":10,"minecraft:time_since_death":17090,"minecraft:walk_on_water_one_cm":1570,"minecraft:total_world_time":17090,"minecraft:swim_one_cm":1536,"minecraft:interact_with_crafting_table":2,"minecraft:fall_one_cm":2775,"minecraft:fly_one_cm":15795}},"DataVersion":3465}