{"stats":{"minecraft:picked_up":{"minecraft:stick":7,"minecraft:crafting_table":2,"minecraft:coarse_dirt":1,"minecraft:raw_iron":81,"minecraft:gold_block":2,"minecraft:oak_log":18,"minecraft:dirt":4,"minecraft:rotten_flesh":1,"minecraft:apple":1,"minecraft:sugar_cane":4,"minecraft:netherrack":1,"minecraft:oak_sapling":15,"minecraft:moss_block":12,"minecraft:glow_berries":95,"minecraft:coal":195,"minecraft:cobblestone":78,"minecraft:furnace":1},"minecraft:custom":{"minecraft:time_since_rest":39820,"minecraft:interact_with_furnace":18,"minecraft:sprint_one_cm":147113,"minecraft:damage_taken":290,"minecraft:walk_one_cm":294121,"minecraft:mob_kills":1,"minecraft:drop":1,"minecraft:damage_dealt":198,"minecraft:swim_one_cm":8003,"minecraft:interact_with_crafting_table":10,"minecraft:fly_one_cm":129969,"minecraft:crouch_one_cm":2372,"minecraft:play_time":39820,"minecraft:sneak_time":619,"minecraft:walk_under_water_one_cm":5407,"minecraft:jump":686,"minecraft:time_since_death":39820,"minecraft:walk_on_water_one_cm":4204,"minecraft:climb_one_cm":487,"minecraft:total_world_time":39820,"minecraft:fall_one_cm":14234},"minecraft:dropped":{"alexsmobs:animal_dictionary":1},"minecraft:mined":{"minecraft:coarse_dirt":1,"minecraft:furnace":1,"minecraft:iron_ore":80,"minecraft:gold_block":2,"treechop:chopped_log":5,"minecraft:crafting_table":2,"minecraft:cave_vines_plant":45,"minecraft:grass_block":4,"minecraft:coal_ore":195,"minecraft:cave_vines":73,"minecraft:sugar_cane":2,"minecraft:stone":76,"minecraft:netherrack":1,"minecraft:moss_block":3,"minecraft:oak_leaves":3},"minecraft:killed":{"minecraft:zombie":1},"minecraft:crafted":{"minecraft:oak_planks":18,"minecraft:stone_shovel":1,"minecraft:iron_boots":1,"minecraft:iron_chestplate":1,"minecraft:crafting_table":2,"minecraft:stick":9,"minecraft:iron_helmet":1,"minecraft:iron_pickaxe":2,"minecraft:iron_ingot":57,"minecraft:wooden_pickaxe":1,"minecraft:stone_pickaxe":1,"minecraft:stone_sword":1,"minecraft:iron_sword":1,"minecraft:iron_leggings":1,"minecraft:furnace":1,"minecraft:torch":19,"minecraft:stone_axe":1,"minecraft:air":186},"minecraft:broken":{"minecraft:stone_pickaxe":1,"minecraft:wooden_pickaxe":1},"minecraft:used":{"minecraft:stone_sword":10,"minecraft:apple":1,"minecraft:stone_pickaxe":130,"minecraft:iron_pickaxe":167,"minecraft:wooden_pickaxe":59,"minecraft:iron_sword":1,"minecraft:stone_axe":16,"minecraft:torch":25,"minecraft:glow_berries":47,"minecraft:crafting_table":3,"minecraft:furnace":1}},"DataVersion":3465}