{"stats":{"minecraft:picked_up":{"minecraft:stick":2,"minecraft:crafting_table":1,"minecraft:coarse_dirt":1,"minecraft:raw_iron":36,"minecraft:oak_log":5,"minecraft:dirt":3,"minecraft:apple":1,"minecraft:oak_sapling":3,"minecraft:glow_berries":11,"minecraft:coal":35,"minecraft:cobblestone":50},"minecraft:custom":{"minecraft:time_since_rest":15820,"minecraft:sprint_one_cm":43213,"minecraft:damage_taken":180,"minecraft:walk_one_cm":108950,"minecraft:drop":1,"minecraft:interact_with_crafting_table":2,"minecraft:fly_one_cm":38752,"minecraft:crouch_one_cm":2267,"minecraft:play_time":15820,"minecraft:sneak_time":608,"minecraft:walk_under_water_one_cm":5254,"minecraft:jump":268,"minecraft:time_since_death":15820,"minecraft:walk_on_water_one_cm":1317,"minecraft:total_world_time":15820,"minecraft:fall_one_cm":6009},"minecraft:dropped":{"alexsmobs:animal_dictionary":1},"minecraft:mined":{"minecraft:coarse_dirt":1,"minecraft:iron_ore":35,"treechop:chopped_log":2,"minecraft:crafting_table":1,"minecraft:cave_vines_plant":3,"minecraft:grass_block":3,"minecraft:coal_ore":35,"minecraft:cave_vines":11,"minecraft:stone":51,"minecraft:oak_leaves":1},"minecraft:broken":{"minecraft:wooden_pickaxe":1},"minecraft:crafted":{"minecraft:oak_planks":5,"minecraft:stone_shovel":1,"minecraft:crafting_table":1,"minecraft:stick":4,"minecraft:wooden_pickaxe":1,"minecraft:stone_pickaxe":1,"minecraft:stone_sword":1,"minecraft:torch":4,"minecraft:stone_axe":1,"minecraft:air":53},"minecraft:used":{"minecraft:stone_sword":4,"minecraft:apple":1,"minecraft:stone_pickaxe":62,"minecraft:wooden_pickaxe":59,"minecraft:torch":16,"minecraft:glow_berries":9,"minecraft:crafting_table":2}},"DataVersion":3465}