{"stats":{"minecraft:picked_up":{"minecraft:stick":7,"minecraft:crafting_table":1,"minecraft:coarse_dirt":1,"minecraft:raw_iron":57,"minecraft:oak_log":18,"minecraft:dirt":4,"minecraft:rotten_flesh":1,"minecraft:apple":1,"minecraft:oak_sapling":15,"minecraft:moss_block":10,"minecraft:glow_berries":70,"minecraft:coal":102,"minecraft:cobblestone":61},"minecraft:custom":{"minecraft:time_since_rest":27820,"minecraft:interact_with_furnace":8,"minecraft:sprint_one_cm":88115,"minecraft:damage_taken":270,"minecraft:walk_one_cm":206577,"minecraft:mob_kills":1,"minecraft:drop":1,"minecraft:damage_dealt":198,"minecraft:interact_with_crafting_table":4,"minecraft:fly_one_cm":61001,"minecraft:crouch_one_cm":2267,"minecraft:play_time":27820,"minecraft:sneak_time":608,"minecraft:walk_under_water_one_cm":5254,"minecraft:jump":404,"minecraft:time_since_death":27820,"minecraft:walk_on_water_one_cm":3472,"minecraft:climb_one_cm":132,"minecraft:total_world_time":27820,"minecraft:fall_one_cm":6485},"minecraft:dropped":{"alexsmobs:animal_dictionary":1},"minecraft:mined":{"minecraft:coarse_dirt":1,"minecraft:iron_ore":56,"treechop:chopped_log":5,"minecraft:crafting_table":1,"minecraft:cave_vines_plant":28,"minecraft:grass_block":4,"minecraft:coal_ore":102,"minecraft:cave_vines":54,"minecraft:stone":59,"minecraft:moss_block":1,"minecraft:oak_leaves":3},"minecraft:killed":{"minecraft:zombie":1},"minecraft:crafted":{"minecraft:oak_planks":18,"minecraft:stone_shovel":1,"minecraft:crafting_table":2,"minecraft:stick":9,"minecraft:iron_pickaxe":2,"minecraft:iron_ingot":28,"minecraft:wooden_pickaxe":1,"minecraft:stone_pickaxe":1,"minecraft:stone_sword":1,"minecraft:iron_sword":1,"minecraft:furnace":1,"minecraft:torch":19,"minecraft:stone_axe":1,"minecraft:air":186},"minecraft:broken":{"minecraft:stone_pickaxe":1,"minecraft:wooden_pickaxe":1},"minecraft:used":{"minecraft:stone_sword":10,"minecraft:apple":1,"minecraft:stone_pickaxe":130,"minecraft:iron_pickaxe":29,"minecraft:wooden_pickaxe":59,"minecraft:stone_axe":15,"minecraft:torch":21,"minecraft:glow_berries":33,"minecraft:crafting_table":3,"minecraft:furnace":1}},"DataVersion":3465}