{"stats":{"minecraft:dropped":{"minecraft:wooden_pickaxe":1},"minecraft:crafted":{"minecraft:wooden_shovel":1,"regions_unexplored:mauve_planks":80,"minecraft:crafting_table":1,"minecraft:stick":8,"minecraft:wooden_pickaxe":1,"minecraft:stone_pickaxe":1,"minecraft:stone_sword":1,"minecraft:stone_axe":1},"minecraft:killed":{"minecraft:zombie":1,"minecraft:spider":1},"minecraft:used":{"regions_unexplored:silt_dirt":1,"minecraft:apple":3,"minecraft:stone_pickaxe":6,"minecraft:wooden_pickaxe":25,"regions_unexplored:tassel":1,"minecraft:crafting_table":1,"ecologics:seashell":1},"minecraft:picked_up":{"minecraft:stick":7,"minecraft:crafting_table":1,"ecologics:seashell":1,"regions_unexplored:silt_dirt":3,"regions_unexplored:tassel":1,"minecraft:spider_eye":2,"minecraft:string":2,"regions_unexplored:mauve_sapling":15,"minecraft:apple":3,"regions_unexplored:mauve_log":20,"minecraft:coal":4,"iceandfire:raw_silver":2,"minecraft:cobblestone":25},"minecraft:mined":{"iceandfire:silver_ore":2,"ecologics:seashell":1,"treechop:chopped_log":1,"minecraft:crafting_table":1,"minecraft:grass":6,"minecraft:coal_ore":4,"regions_unexplored:silt_dirt":1,"minecraft:tall_grass":6,"regions_unexplored:medium_grass":1,"minecraft:stone":25,"regions_unexplored:silt_grass_block":2,"regions_unexplored:tassel":1},"minecraft:custom":{"minecraft:time_since_rest":11992,"minecraft:sprint_one_cm":43749,"minecraft:damage_taken":60,"minecraft:walk_one_cm":22591,"minecraft:mob_kills":2,"minecraft:drop":1,"minecraft:damage_dealt":235,"minecraft:swim_one_cm":1243,"minecraft:interact_with_crafting_table":5,"minecraft:fly_one_cm":60184,"minecraft:play_time":11992,"tombstone:undead_killed":1,"minecraft:walk_under_water_one_cm":4725,"minecraft:jump":249,"minecraft:leave_game":1,"minecraft:walk_on_water_one_cm":4296,"minecraft:time_since_death":11992,"minecraft:total_world_time":11992,"minecraft:fall_one_cm":9290}},"DataVersion":3465}