{"stats":{"minecraft:crafted":{"regions_unexplored:mauve_planks":80},"minecraft:killed":{"minecraft:spider":1,"minecraft:zombie":1},"minecraft:picked_up":{"minecraft:stick":7,"regions_unexplored:mauve_sapling":15,"minecraft:apple":3,"regions_unexplored:mauve_log":20,"minecraft:spider_eye":1,"regions_unexplored:tassel":1},"minecraft:mined":{"minecraft:grass":6,"minecraft:tall_grass":6,"regions_unexplored:medium_grass":1,"treechop:chopped_log":1,"regions_unexplored:tassel":1},"minecraft:custom":{"minecraft:time_since_rest":4775,"minecraft:play_time":4775,"minecraft:sprint_one_cm":11003,"minecraft:damage_taken":60,"tombstone:undead_killed":1,"minecraft:walk_one_cm":12037,"minecraft:mob_kills":2,"minecraft:jump":67,"minecraft:damage_dealt":235,"minecraft:time_since_death":4775,"minecraft:total_world_time":4775,"minecraft:fly_one_cm":13330,"minecraft:fall_one_cm":2879}},"DataVersion":3465}