{"stats":{"minecraft:custom":{"minecraft:interact_with_furnace":18,"minecraft:mob_kills":1,"minecraft:interact_with_crafting_table":11,"minecraft:open_barrel":3,"minecraft:time_since_death":5330,"minecraft:climb_one_cm":487,"minecraft:time_since_rest":5361,"minecraft:sprint_one_cm":273684,"minecraft:damage_taken":600,"minecraft:walk_one_cm":383326,"minecraft:drop":1,"minecraft:damage_dealt":1450,"minecraft:swim_one_cm":8003,"minecraft:fly_one_cm":268830,"minecraft:crouch_one_cm":2538,"minecraft:play_time":51820,"minecraft:deaths":1,"minecraft:sneak_time":628,"minecraft:walk_under_water_one_cm":5407,"minecraft:boat_one_cm":7754,"minecraft:jump":999,"minecraft:walk_on_water_one_cm":4204,"minecraft:total_world_time":51820,"minecraft:fall_one_cm":26062},"minecraft:picked_up":{"minecraft:coarse_dirt":1,"minecraft:crafting_table":3,"minecraft:gold_block":2,"minecraft:oak_log":22,"minecraft:dirt":4,"minecraft:apple":2,"minecraft:calcite":3,"minecraft:moss_block":12,"minecraft:sugar_cane":4,"minecraft:coal_block":2,"minecraft:furnace":1,"minecraft:stick":7,"minecraft:raw_iron":87,"minecraft:stripped_mangrove_wood":2,"minecraft:rotten_flesh":1,"alexsmobs:emu_egg":2,"minecraft:oak_sapling":17,"minecraft:netherrack":1,"minecraft:glow_berries":95,"minecraft:coal":195,"minecraft:cobblestone":80},"minecraft:dropped":{"alexsmobs:animal_dictionary":1},"minecraft:mined":{"minecraft:crafting_table":3,"minecraft:cave_vines_plant":45,"minecraft:grass_block":4,"minecraft:calcite":3,"minecraft:coal_block":2,"minecraft:moss_block":3,"minecraft:sugar_cane":2,"minecraft:coarse_dirt":1,"minecraft:furnace":1,"minecraft:iron_ore":86,"treechop:chopped_log":6,"minecraft:gold_block":2,"minecraft:grass":2,"minecraft:coal_ore":195,"minecraft:cave_vines":73,"minecraft:stone":78,"minecraft:stripped_mangrove_wood":2,"minecraft:netherrack":1,"minecraft:oak_leaves":3},"minecraft:killed":{"minecraft:zombie":1},"minecraft:crafted":{"minecraft:oak_planks":22,"minecraft:stone_shovel":1,"minecraft:crafting_table":3,"minecraft:wooden_pickaxe":1,"minecraft:iron_helmet":1,"minecraft:iron_sword":1,"minecraft:furnace":1,"minecraft:stone_axe":1,"minecraft:air":203,"minecraft:oak_boat":1,"minecraft:iron_boots":1,"minecraft:iron_chestplate":1,"minecraft:stick":9,"minecraft:iron_ingot":57,"minecraft:iron_pickaxe":2,"minecraft:stone_pickaxe":1,"minecraft:stone_sword":1,"minecraft:iron_leggings":1,"minecraft:torch":19},"minecraft:broken":{"minecraft:stone_pickaxe":1,"minecraft:wooden_pickaxe":1},"minecraft:used":{"alexsmobs:emu_egg":2,"minecraft:stone_sword":10,"minecraft:stone_pickaxe":130,"minecraft:wooden_pickaxe":59,"minecraft:iron_sword":27,"minecraft:netherrack":1,"minecraft:torch":25,"minecraft:glow_berries":66,"minecraft:crafting_table":4,"minecraft:apple":2,"minecraft:iron_pickaxe":183,"minecraft:stone_axe":16,"minecraft:furnace":1,"minecraft:oak_boat":1}},"DataVersion":3465}