{"stats":{"minecraft:custom":{"minecraft:interact_with_furnace":20,"minecraft:mob_kills":12,"minecraft:interact_with_crafting_table":11,"minecraft:open_barrel":4,"minecraft:time_since_death":29330,"minecraft:sleep_in_bed":1,"minecraft:climb_one_cm":2448,"minecraft:time_since_rest":14560,"minecraft:sprint_one_cm":420249,"minecraft:damage_taken":1377,"minecraft:walk_one_cm":551502,"minecraft:drop":6,"minecraft:damage_dealt":3812,"minecraft:swim_one_cm":73368,"minecraft:fly_one_cm":473271,"minecraft:open_chest":14,"minecraft:crouch_one_cm":2835,"minecraft:play_time":75820,"minecraft:deaths":1,"minecraft:sneak_time":681,"minecraft:walk_under_water_one_cm":6515,"minecraft:boat_one_cm":7754,"minecraft:jump":1478,"minecraft:walk_on_water_one_cm":6639,"minecraft:total_world_time":75820,"minecraft:fall_one_cm":41243},"minecraft:picked_up":{"minecraft:coarse_dirt":1,"minecraft:crafting_table":3,"minecraft:leather":7,"minecraft:gold_block":2,"minecraft:oak_log":22,"minecraft:dirt":4,"minecraft:apple":2,"minecraft:spruce_planks":8,"minecraft:beef":10,"minecraft:calcite":3,"minecraft:moss_block":12,"minecraft:sugar_cane":4,"minecraft:coal_block":6,"minecraft:furnace":1,"minecraft:stick":7,"minecraft:raw_iron":87,"minecraft:dark_oak_slab":2,"minecraft:stripped_mangrove_wood":4,"minecraft:torch":3,"minecraft:cyan_bed":2,"minecraft:dark_oak_planks":3,"minecraft:waxed_cut_copper_stairs":2,"minecraft:rotten_flesh":1,"minecraft:soul_lantern":1,"alexsmobs:emu_egg":2,"minecraft:oak_sapling":17,"minecraft:netherrack":1,"minecraft:glow_berries":95,"minecraft:coal":195,"minecraft:cobblestone":104},"minecraft:dropped":{"minecraft:waxed_cut_copper_stairs":1,"minecraft:stripped_mangrove_wood":4,"alexsmobs:animal_dictionary":1,"minecraft:dark_oak_slab":2},"minecraft:mined":{"minecraft:waxed_cut_copper_slab":1,"minecraft:spruce_planks":8,"minecraft:mossy_cobblestone":2,"minecraft:soul_lantern":1,"minecraft:crafting_table":3,"minecraft:cave_vines_plant":45,"minecraft:grass_block":4,"minecraft:calcite":3,"minecraft:coal_block":6,"minecraft:cyan_bed":2,"minecraft:moss_block":3,"minecraft:sugar_cane":2,"minecraft:wall_torch":3,"minecraft:spawner":1,"minecraft:red_terracotta":1,"minecraft:coarse_dirt":1,"minecraft:dark_oak_slab":2,"minecraft:furnace":1,"minecraft:mossy_cobblestone_stairs":1,"minecraft:iron_ore":86,"treechop:chopped_log":6,"minecraft:gold_block":2,"minecraft:grass":2,"minecraft:coal_ore":195,"minecraft:cave_vines":73,"minecraft:stone":103,"minecraft:stripped_mangrove_wood":4,"minecraft:netherrack":2,"minecraft:oak_leaves":3,"minecraft:waxed_cut_copper_stairs":1,"minecraft:dark_oak_planks":3},"minecraft:killed":{"minecraft:husk":2,"minecraft:skeleton":2,"minecraft:zombie":4,"minecraft:cow":4},"minecraft:crafted":{"minecraft:oak_planks":22,"minecraft:coal":6,"minecraft:stone_shovel":1,"minecraft:crafting_table":3,"minecraft:wooden_pickaxe":1,"minecraft:iron_helmet":1,"minecraft:iron_sword":1,"minecraft:furnace":1,"minecraft:stone_axe":1,"minecraft:air":257,"minecraft:oak_boat":1,"minecraft:iron_boots":1,"minecraft:iron_chestplate":1,"minecraft:stick":9,"minecraft:iron_ingot":57,"minecraft:iron_pickaxe":2,"minecraft:stone_pickaxe":1,"minecraft:stone_sword":1,"minecraft:iron_leggings":1,"minecraft:torch":19},"minecraft:broken":{"minecraft:stone_pickaxe":1,"minecraft:wooden_pickaxe":1},"minecraft:used":{"alexsmobs:emu_egg":2,"minecraft:stone_sword":10,"minecraft:stone_pickaxe":130,"minecraft:wooden_pickaxe":59,"minecraft:iron_sword":82,"minecraft:netherrack":1,"minecraft:torch":29,"minecraft:glow_berries":128,"minecraft:crafting_table":4,"minecraft:mushroom_stew":1,"minecraft:golden_shovel":1,"minecraft:apple":2,"minecraft:bread":10,"minecraft:cyan_bed":1,"minecraft:iron_pickaxe":221,"minecraft:stone_axe":31,"minecraft:cobblestone":2,"minecraft:furnace":1,"minecraft:oak_boat":1}},"DataVersion":3465}