{"stats":{"minecraft:custom":{"minecraft:interact_with_furnace":22,"minecraft:mob_kills":18,"minecraft:interact_with_cartography_table":2,"minecraft:interact_with_crafting_table":16,"minecraft:open_barrel":4,"minecraft:time_since_death":83330,"minecraft:sleep_in_bed":5,"minecraft:climb_one_cm":2448,"minecraft:time_since_rest":6427,"minecraft:sprint_one_cm":847968,"minecraft:damage_taken":1615,"minecraft:walk_one_cm":769511,"minecraft:drop":14,"minecraft:damage_dealt":4411,"minecraft:talked_to_villager":1,"minecraft:swim_one_cm":102286,"minecraft:fly_one_cm":1460463,"minecraft:open_chest":39,"minecraft:crouch_one_cm":3105,"minecraft:play_time":129820,"minecraft:deaths":1,"minecraft:sneak_time":701,"minecraft:walk_under_water_one_cm":8312,"minecraft:boat_one_cm":66525,"minecraft:jump":3059,"minecraft:walk_on_water_one_cm":14957,"minecraft:total_world_time":129820,"minecraft:fall_one_cm":78147},"minecraft:picked_up":{"minecraft:pink_petals":254,"minecraft:coarse_dirt":1,"minecraft:crafting_table":4,"minecraft:leather":11,"minecraft:gold_block":2,"minecraft:oak_log":22,"minecraft:dirt":6,"minecraft:apple":2,"minecraft:wheat_seeds":18,"minecraft:spruce_planks":8,"minecraft:beef":18,"minecraft:white_tulip":5,"minecraft:written_book":1,"minecraft:calcite":3,"minecraft:lectern":2,"minecraft:moss_block":12,"minecraft:sugar_cane":16,"minecraft:coal_block":6,"minecraft:chest":1,"minecraft:iron_sword":1,"minecraft:furnace":2,"minecraft:book":51,"minecraft:oak_slab":1,"minecraft:stick":46,"minecraft:raw_iron":95,"minecraft:dark_oak_slab":2,"minecraft:stripped_mangrove_wood":4,"minecraft:sweet_berries":1,"minecraft:torch":10,"minecraft:cherry_log":66,"minecraft:cyan_bed":4,"minecraft:dark_oak_planks":3,"minecraft:waxed_cut_copper_stairs":2,"minecraft:rotten_flesh":1,"minecraft:peony":1,"minecraft:soul_lantern":1,"minecraft:pink_tulip":2,"minecraft:cherry_sapling":43,"alexsmobs:emu_egg":2,"minecraft:bread":12,"minecraft:oak_sapling":17,"minecraft:netherrack":1,"minecraft:glow_berries":95,"minecraft:coal":195,"minecraft:cobblestone":104},"minecraft:dropped":{"minecraft:bread":12,"minecraft:furnace":1,"minecraft:iron_sword":1,"minecraft:sweet_berries":1,"minecraft:oak_slab":1,"minecraft:waxed_cut_copper_stairs":1,"minecraft:sugar_cane":8,"minecraft:stripped_mangrove_wood":4,"alexsmobs:animal_dictionary":1,"minecraft:dark_oak_slab":2,"minecraft:pink_petals":2},"minecraft:mined":{"minecraft:waxed_cut_copper_slab":1,"minecraft:oak_slab":1,"minecraft:spruce_planks":8,"minecraft:mossy_cobblestone":2,"minecraft:cherry_log":1,"minecraft:soul_lantern":1,"minecraft:crafting_table":4,"minecraft:torch":1,"minecraft:cave_vines_plant":45,"minecraft:grass_block":12,"minecraft:calcite":3,"minecraft:chest":1,"minecraft:lectern":2,"minecraft:coal_block":6,"minecraft:tall_grass":4,"minecraft:spruce_leaves":5,"minecraft:cyan_bed":4,"minecraft:moss_block":3,"minecraft:sugar_cane":3,"minecraft:wall_torch":9,"minecraft:spawner":1,"minecraft:pink_petals":104,"minecraft:red_terracotta":1,"minecraft:coarse_dirt":1,"minecraft:dark_oak_slab":2,"minecraft:furnace":2,"minecraft:mossy_cobblestone_stairs":1,"minecraft:iron_ore":94,"minecraft:sweet_berry_bush":1,"minecraft:birch_leaves":1,"minecraft:bee_nest":1,"treechop:chopped_log":11,"minecraft:peony":1,"minecraft:gold_block":2,"minecraft:grass":137,"minecraft:bookshelf":17,"minecraft:coal_ore":195,"minecraft:cave_vines":73,"minecraft:dirt":3,"minecraft:pink_tulip":3,"minecraft:white_tulip":5,"minecraft:stone":104,"minecraft:stripped_mangrove_wood":4,"minecraft:netherrack":2,"minecraft:oak_leaves":3,"minecraft:waxed_cut_copper_stairs":1,"minecraft:dark_oak_planks":4},"minecraft:killed":{"minecraft:husk":2,"minecraft:skeleton":2,"minecraft:zombie":4,"minecraft:bee":1,"minecraft:cow":9},"minecraft:crafted":{"minecraft:oak_planks":22,"minecraft:coal":6,"minecraft:stone_shovel":1,"minecraft:crafting_table":4,"minecraft:wooden_pickaxe":1,"minecraft:iron_helmet":1,"minecraft:iron_sword":1,"minecraft:furnace":3,"minecraft:stone_axe":1,"minecraft:air":258,"minecraft:oak_boat":2,"minecraft:iron_boots":1,"minecraft:iron_chestplate":1,"minecraft:stick":9,"minecraft:iron_shovel":1,"minecraft:iron_ingot":57,"minecraft:iron_pickaxe":2,"minecraft:stone_pickaxe":1,"minecraft:chest":2,"minecraft:stone_sword":1,"minecraft:iron_leggings":1,"minecraft:torch":19,"minecraft:cooked_beef":18},"minecraft:broken":{"minecraft:stone_pickaxe":1,"minecraft:golden_axe":1,"minecraft:golden_shovel":1,"minecraft:wooden_pickaxe":1},"minecraft:used":{"alexsmobs:emu_egg":2,"epicfight:skillbook":4,"minecraft:iron_shovel":35,"minecraft:stone_sword":10,"minecraft:stone_pickaxe":130,"minecraft:chest":3,"minecraft:wooden_pickaxe":59,"minecraft:iron_sword":102,"minecraft:netherrack":1,"minecraft:torch":37,"minecraft:glow_berries":128,"minecraft:dirt":2,"minecraft:crafting_table":6,"minecraft:mushroom_stew":1,"minecraft:golden_shovel":33,"minecraft:apple":2,"minecraft:bread":31,"minecraft:cyan_bed":4,"minecraft:iron_pickaxe":232,"minecraft:stone_axe":88,"minecraft:cobblestone":2,"minecraft:furnace":4,"minecraft:oak_boat":2,"minecraft:cherry_log":1,"minecraft:golden_axe":32}},"DataVersion":3465}