{"stats":{"minecraft:crafted":{"minecraft:birch_planks":44},"minecraft:used":{"minecraft:apple":1},"minecraft:picked_up":{"minecraft:apple":2,"regions_unexplored:mauve_sapling":2,"regions_unexplored:enchanted_birch_sapling":3,"delightful:green_tea_leaf":1,"regions_unexplored:mauve_log":1,"regions_unexplored:silver_birch_log":11},"minecraft:mined":{"minecraft:grass":1,"regions_unexplored:medium_grass":1,"treechop:chopped_log":1},"minecraft:custom":{"minecraft:jump":58,"minecraft:time_since_rest":4435,"minecraft:damage_dealt":182,"minecraft:sprint_one_cm":9764,"minecraft:play_time":4435,"minecraft:damage_taken":240,"minecraft:time_since_death":4435,"minecraft:walk_one_cm":15076,"minecraft:sneak_time":4,"minecraft:total_world_time":4435,"minecraft:fall_one_cm":2134,"minecraft:fly_one_cm":9074}},"DataVersion":3465}