{"stats":{"minecraft:picked_up":{"minecraft:crafting_table":1,"minecraft:stick":3,"minecraft:raw_iron":4,"minecraft:brown_terracotta":1,"minecraft:oak_log":4,"minecraft:dirt":2,"minecraft:red_terracotta":8,"alexsmobs:animal_dictionary":1,"minecraft:orange_terracotta":2,"minecraft:light_gray_terracotta":1,"minecraft:terracotta":7,"minecraft:oak_sapling":2,"minecraft:glow_berries":14,"minecraft:coal":47,"minecraft:cobblestone":60},"minecraft:custom":{"minecraft:time_since_rest":14399,"minecraft:sprint_one_cm":42493,"minecraft:damage_taken":40,"minecraft:walk_one_cm":183801,"minecraft:damage_dealt":30,"minecraft:interact_with_crafting_table":2,"minecraft:swim_one_cm":407,"minecraft:fly_one_cm":52098,"minecraft:crouch_one_cm":13513,"minecraft:play_time":14399,"minecraft:sneak_time":1866,"minecraft:walk_under_water_one_cm":3140,"minecraft:jump":299,"minecraft:time_since_death":14399,"minecraft:walk_on_water_one_cm":1498,"minecraft:total_world_time":14399,"minecraft:fall_one_cm":6616},"minecraft:mined":{"minecraft:red_terracotta":8,"minecraft:iron_ore":5,"minecraft:orange_terracotta":2,"minecraft:cave_vines_plant":1,"treechop:chopped_log":1,"minecraft:crafting_table":1,"minecraft:light_gray_terracotta":1,"minecraft:grass":1,"minecraft:grass_block":1,"minecraft:coal_ore":47,"minecraft:cave_vines":20,"minecraft:dead_bush":1,"minecraft:dirt":1,"minecraft:brown_terracotta":1,"minecraft:terracotta":7,"minecraft:stone":60},"minecraft:crafted":{"minecraft:oak_planks":4,"minecraft:crafting_table":1,"minecraft:stick":1,"minecraft:wooden_pickaxe":1,"minecraft:stone_pickaxe":1,"minecraft:air":21},"minecraft:used":{"minecraft:stone_pickaxe":116,"minecraft:wooden_pickaxe":18,"minecraft:red_terracotta":8,"minecraft:torch":10,"minecraft:glow_berries":9,"minecraft:dirt":2,"minecraft:crafting_table":2,"alexsmobs:animal_dictionary":1}},"DataVersion":3465}