{"stats":{"minecraft:custom":{"minecraft:interact_with_furnace":6,"minecraft:mob_kills":5,"minecraft:interact_with_crafting_table":10,"minecraft:time_since_death":11480,"minecraft:time_since_rest":11508,"minecraft:sprint_one_cm":219174,"minecraft:damage_taken":770,"minecraft:walk_one_cm":347450,"minecraft:damage_blocked_by_shield":50,"minecraft:damage_dealt":857,"minecraft:talked_to_villager":2,"minecraft:damage_dealt_absorbed":20,"minecraft:swim_one_cm":1086,"minecraft:fly_one_cm":358845,"minecraft:open_chest":15,"minecraft:crouch_one_cm":15218,"minecraft:play_time":38399,"minecraft:deaths":2,"minecraft:sneak_time":2175,"minecraft:walk_under_water_one_cm":6957,"minecraft:jump":1102,"minecraft:walk_on_water_one_cm":2725,"minecraft:total_world_time":38399,"minecraft:fall_one_cm":33083},"minecraft:picked_up":{"minecraft:mud":14,"minecraft:crafting_table":2,"minecraft:oak_log":4,"minecraft:dirt":2,"minecraft:string":3,"minecraft:orange_terracotta":2,"minecraft:blackstone":1,"minecraft:azalea":3,"minecraft:bamboo":5,"minecraft:chest":1,"minecraft:flowering_azalea":1,"minecraft:mangrove_log":7,"minecraft:furnace":1,"minecraft:stick":16,"minecraft:raw_iron":4,"minecraft:brown_terracotta":1,"minecraft:white_bed":1,"minecraft:red_terracotta":8,"alexsmobs:animal_dictionary":1,"minecraft:light_gray_terracotta":1,"minecraft:arrow":1,"minecraft:light_gray_bed":2,"minecraft:rotten_flesh":1,"minecraft:terracotta":9,"minecraft:oak_sapling":2,"minecraft:glow_berries":19,"minecraft:coal":47,"minecraft:cobblestone":66},"minecraft:mined":{"minecraft:white_bed":1,"minecraft:blackstone":1,"minecraft:orange_terracotta":2,"minecraft:crafting_table":2,"minecraft:light_gray_terracotta":1,"minecraft:cave_vines_plant":2,"minecraft:grass_block":1,"minecraft:chest":1,"minecraft:dead_bush":11,"minecraft:light_gray_bed":2,"minecraft:red_terracotta":8,"minecraft:magma_block":6,"minecraft:furnace":1,"minecraft:iron_ore":5,"treechop:chopped_log":2,"minecraft:grass":4,"minecraft:coal_ore":47,"minecraft:cave_vines":27,"minecraft:dirt":1,"minecraft:brown_terracotta":1,"minecraft:smooth_basalt":1,"minecraft:terracotta":9,"minecraft:stone":66,"minecraft:oak_leaves":3},"minecraft:killed":{"minecraft:spider":3,"minecraft:zombie":1},"minecraft:crafted":{"minecraft:oak_planks":4,"minecraft:crafting_table":2,"minecraft:wooden_pickaxe":1,"minecraft:furnace":1,"minecraft:mangrove_planks":7,"minecraft:stone_axe":1,"minecraft:air":50,"minecraft:shield":1,"minecraft:stick":5,"minecraft:iron_ingot":4,"minecraft:iron_pickaxe":1,"minecraft:stone_pickaxe":2,"minecraft:stone_sword":1},"minecraft:broken":{"minecraft:stone_pickaxe":1},"minecraft:killed_by":{"alexsmobs:emu":1},"minecraft:used":{"minecraft:stone_sword":17,"minecraft:stone_pickaxe":140,"minecraft:blackstone":1,"minecraft:wooden_pickaxe":18,"minecraft:shield":1,"minecraft:rotten_flesh":10,"minecraft:torch":10,"minecraft:glow_berries":27,"minecraft:golden_hoe":2,"minecraft:dirt":2,"minecraft:terracotta":9,"minecraft:crafting_table":3,"minecraft:light_gray_terracotta":1,"minecraft:white_bed":1,"minecraft:brown_terracotta":1,"minecraft:red_terracotta":8,"minecraft:stone_axe":1,"minecraft:cobblestone":4,"minecraft:furnace":1,"alexsmobs:animal_dictionary":1,"minecraft:orange_terracotta":2}},"DataVersion":3465}