{"stats":{"minecraft:custom":{"minecraft:mob_kills":35,"minecraft:interact_with_crafting_table":36,"minecraft:open_barrel":23,"minecraft:eat_cake_slice":1,"minecraft:leave_game":2,"minecraft:time_since_death":11427,"minecraft:climb_one_cm":152,"minecraft:sprint_one_cm":852636,"minecraft:walk_one_cm":1057993,"minecraft:damage_blocked_by_shield":50,"minecraft:drop":27,"minecraft:damage_dealt_absorbed":40,"minecraft:talked_to_villager":2,"minecraft:play_time":139514,"minecraft:deaths":10,"minecraft:sneak_time":3701,"minecraft:walk_under_water_one_cm":30152,"minecraft:boat_one_cm":161178,"minecraft:jump":3376,"minecraft:interact_with_blast_furnace":49,"minecraft:walk_on_water_one_cm":30744,"minecraft:total_world_time":139514,"minecraft:interact_with_furnace":37,"minecraft:interact_with_grindstone":1,"minecraft:sleep_in_bed":5,"minecraft:time_since_rest":5014,"minecraft:damage_taken":3727,"minecraft:damage_dealt":5112,"minecraft:swim_one_cm":56398,"minecraft:fly_one_cm":1011856,"minecraft:open_chest":21,"minecraft:crouch_one_cm":27366,"minecraft:fall_one_cm":72840},"minecraft:picked_up":{"minecraft:mud":14,"minecraft:crafting_table":9,"minecraft:coarse_dirt":1,"minecraft:chicken":4,"minecraft:clay_ball":4,"minecraft:wooden_pickaxe":1,"minecraft:string":5,"minecraft:cyan_carpet":1,"minecraft:blackstone":1,"minecraft:cobbled_deepslate":21,"minecraft:red_dye":1,"minecraft:oak_boat":3,"minecraft:calcite":16,"minecraft:azalea":3,"minecraft:poppy":1,"minecraft:coal_block":4,"minecraft:chest":1,"minecraft:mangrove_log":7,"minecraft:furnace":6,"minecraft:golden_helmet":1,"minecraft:raw_iron":86,"minecraft:stick":22,"minecraft:brown_terracotta":1,"minecraft:oak_fence":2,"epicfight:skillbook":1,"minecraft:porkchop":7,"minecraft:redstone":70,"minecraft:golden_chestplate":1,"minecraft:light_gray_bed":2,"minecraft:arrow":1,"minecraft:rotten_flesh":9,"minecraft:decorated_pot":1,"minecraft:glow_berries":19,"minecraft:mutton":11,"minecraft:white_wool":6,"minecraft:rail":2,"minecraft:cobblestone":172,"minecraft:oxeye_daisy":1,"minecraft:feather":3,"minecraft:oak_log":23,"minecraft:lapis_lazuli":57,"minecraft:dirt":3,"minecraft:orange_terracotta":2,"minecraft:bone":2,"minecraft:apple":1,"minecraft:wheat_seeds":7,"minecraft:raw_gold":19,"minecraft:bamboo":5,"minecraft:flowering_azalea":1,"minecraft:blast_furnace":5,"minecraft:white_bed":1,"minecraft:cyan_bed":8,"alexsmobs:animal_dictionary":1,"minecraft:red_terracotta":8,"minecraft:spider_eye":1,"minecraft:light_gray_terracotta":1,"minecraft:diamond":12,"minecraft:gray_wool":1,"minecraft:terracotta":9,"minecraft:oak_sapling":9,"minecraft:coal":154},"minecraft:dropped":{"minecraft:wheat_seeds":7,"minecraft:golden_helmet":1,"minecraft:oak_fence":2,"minecraft:rail":2,"minecraft:coal_block":2,"minecraft:dirt":1,"minecraft:torch":3,"minecraft:potion":1,"minecraft:red_dye":1,"minecraft:white_wool":4,"minecraft:golden_chestplate":1,"minecraft:stone_sword":1,"minecraft:cobbled_deepslate":2,"minecraft:bowl":1,"minecraft:clay_ball":4,"minecraft:iron_boots":1,"minecraft:spider_eye":1,"minecraft:wooden_pickaxe":2,"minecraft:stone_pickaxe":1},"minecraft:mined":{"minecraft:diamond_ore":3,"minecraft:tuff":2,"minecraft:white_bed":1,"minecraft:deepslate_diamond_ore":9,"minecraft:cave_vines_plant":2,"minecraft:grass_block":1,"minecraft:decorated_pot":1,"minecraft:light_gray_bed":2,"minecraft:coal_block":2,"minecraft:oxeye_daisy":1,"minecraft:spawner":2,"minecraft:magma_block":6,"minecraft:redstone_ore":6,"minecraft:furnace":6,"minecraft:cobbled_deepslate":2,"minecraft:iron_ore":63,"minecraft:fire":1,"minecraft:andesite":3,"treechop:chopped_log":5,"minecraft:deepslate_lapis_ore":5,"minecraft:cave_vines":27,"minecraft:deepslate_iron_ore":24,"minecraft:stone":174,"minecraft:deepslate_redstone_ore":9,"minecraft:blackstone":1,"minecraft:orange_terracotta":2,"minecraft:powder_snow":1,"minecraft:clay":2,"minecraft:crafting_table":9,"minecraft:light_gray_terracotta":1,"minecraft:blast_furnace":5,"minecraft:calcite":16,"minecraft:poppy":1,"minecraft:chest":1,"minecraft:dead_bush":11,"minecraft:cobblestone":1,"minecraft:tall_grass":4,"minecraft:lapis_ore":3,"minecraft:cyan_bed":8,"minecraft:deepslate_gold_ore":19,"minecraft:red_terracotta":8,"minecraft:coarse_dirt":1,"minecraft:grass":34,"minecraft:coal_ore":73,"minecraft:gravel":3,"minecraft:cyan_carpet":1,"minecraft:dirt":2,"minecraft:brown_terracotta":1,"minecraft:smooth_basalt":1,"minecraft:terracotta":9,"minecraft:oak_leaves":6,"minecraft:deepslate":41},"minecraft:killed":{"minecraft:cave_spider":1,"minecraft:spider":3,"minecraft:skeleton":3,"minecraft:chicken":4,"minecraft:pig":3,"minecraft:sheep":7,"minecraft:zombie":13},"minecraft:broken":{"minecraft:stone_pickaxe":1,"minecraft:iron_pickaxe":1},"minecraft:crafted":{"minecraft:oak_planks":23,"minecraft:coal":2,"minecraft:furnace":2,"minecraft:cooked_mutton":11,"minecraft:iron_boots":1,"minecraft:iron_axe":1,"minecraft:stone_pickaxe":3,"minecraft:red_dye":1,"minecraft:cooked_porkchop":7,"minecraft:crafting_table":5,"minecraft:wooden_pickaxe":2,"minecraft:iron_helmet":1,"minecraft:iron_sword":1,"epicfight:iron_longsword":1,"minecraft:mangrove_planks":7,"minecraft:stone_axe":1,"minecraft:air":147,"minecraft:oak_boat":2,"minecraft:iron_chestplate":1,"minecraft:shield":1,"minecraft:stick":9,"minecraft:iron_ingot":97,"minecraft:iron_pickaxe":2,"minecraft:stone_sword":2,"minecraft:iron_leggings":1},"minecraft:killed_by":{"alexsmobs:emu":1},"minecraft:used":{"minecraft:beetroot":6,"minecraft:stone_sword":63,"minecraft:decorated_pot":1,"minecraft:shield":1,"minecraft:rotten_flesh":10,"minecraft:torch":10,"minecraft:dirt":2,"minecraft:brown_terracotta":1,"minecraft:iron_axe":4,"minecraft:furnace":5,"minecraft:cobbled_deepslate":8,"minecraft:orange_terracotta":2,"minecraft:cooked_mutton":8,"epicfight:skillbook":3,"minecraft:stone_pickaxe":231,"minecraft:blackstone":1,"minecraft:wooden_pickaxe":57,"epicfight:iron_longsword":43,"minecraft:glow_berries":27,"minecraft:golden_hoe":2,"minecraft:terracotta":9,"minecraft:crafting_table":12,"minecraft:mushroom_stew":1,"minecraft:blast_furnace":3,"minecraft:light_gray_terracotta":1,"minecraft:white_bed":1,"minecraft:apple":4,"minecraft:oxeye_daisy":1,"minecraft:chicken":1,"minecraft:cyan_bed":7,"minecraft:bread":7,"minecraft:iron_pickaxe":251,"minecraft:red_terracotta":8,"minecraft:stone_axe":1,"minecraft:cobblestone":67,"minecraft:cooked_porkchop":7,"minecraft:pumpkin_pie":2,"minecraft:oak_boat":4,"alexsmobs:animal_dictionary":1,"minecraft:coarse_dirt":1}},"DataVersion":3465}