{"stats":{"minecraft:custom":{"minecraft:mob_kills":30,"minecraft:interact_with_crafting_table":33,"minecraft:open_barrel":22,"minecraft:leave_game":1,"minecraft:time_since_death":33713,"minecraft:climb_one_cm":120,"minecraft:sprint_one_cm":577404,"minecraft:walk_one_cm":852290,"minecraft:damage_blocked_by_shield":50,"minecraft:drop":17,"minecraft:damage_dealt_absorbed":40,"minecraft:talked_to_villager":2,"minecraft:play_time":104010,"minecraft:deaths":9,"minecraft:sneak_time":3121,"minecraft:walk_under_water_one_cm":22321,"minecraft:boat_one_cm":161178,"minecraft:jump":2284,"minecraft:interact_with_blast_furnace":8,"minecraft:walk_on_water_one_cm":22023,"minecraft:total_world_time":104010,"minecraft:interact_with_furnace":28,"minecraft:sleep_in_bed":2,"minecraft:time_since_rest":9023,"minecraft:damage_taken":3272,"minecraft:damage_dealt":4592,"minecraft:swim_one_cm":45742,"minecraft:fly_one_cm":672872,"minecraft:open_chest":19,"minecraft:crouch_one_cm":22888,"minecraft:fall_one_cm":55543},"minecraft:picked_up":{"minecraft:mud":14,"minecraft:coarse_dirt":1,"minecraft:crafting_table":8,"minecraft:chicken":4,"minecraft:clay_ball":4,"minecraft:wooden_pickaxe":1,"minecraft:string":5,"minecraft:blackstone":1,"minecraft:cyan_carpet":1,"minecraft:cobbled_deepslate":12,"minecraft:red_dye":1,"minecraft:oak_boat":3,"minecraft:calcite":16,"minecraft:azalea":3,"minecraft:poppy":1,"minecraft:coal_block":4,"minecraft:chest":1,"minecraft:mangrove_log":7,"minecraft:furnace":4,"minecraft:raw_iron":32,"minecraft:stick":22,"minecraft:brown_terracotta":1,"epicfight:skillbook":1,"minecraft:porkchop":7,"minecraft:redstone":38,"minecraft:arrow":1,"minecraft:light_gray_bed":2,"minecraft:rotten_flesh":9,"minecraft:decorated_pot":1,"minecraft:glow_berries":19,"minecraft:mutton":4,"minecraft:white_wool":2,"minecraft:rail":2,"minecraft:cobblestone":124,"minecraft:oxeye_daisy":1,"minecraft:feather":3,"minecraft:oak_log":23,"minecraft:lapis_lazuli":40,"minecraft:dirt":3,"minecraft:orange_terracotta":2,"minecraft:bone":2,"minecraft:apple":1,"minecraft:wheat_seeds":7,"minecraft:raw_gold":7,"minecraft:bamboo":5,"minecraft:flowering_azalea":1,"minecraft:blast_furnace":3,"minecraft:white_bed":1,"minecraft:cyan_bed":4,"minecraft:red_terracotta":8,"minecraft:spider_eye":1,"alexsmobs:animal_dictionary":1,"minecraft:light_gray_terracotta":1,"minecraft:diamond":3,"minecraft:gray_wool":1,"minecraft:terracotta":9,"minecraft:oak_sapling":9,"minecraft:coal":146},"minecraft:dropped":{"minecraft:wheat_seeds":7,"minecraft:rail":2,"minecraft:coal_block":2,"minecraft:dirt":1,"minecraft:potion":1,"minecraft:red_dye":1,"minecraft:stone_sword":1,"minecraft:clay_ball":4,"minecraft:stone_pickaxe":1,"minecraft:wooden_pickaxe":2},"minecraft:mined":{"minecraft:diamond_ore":1,"minecraft:white_bed":1,"minecraft:deepslate_diamond_ore":2,"minecraft:cave_vines_plant":2,"minecraft:grass_block":1,"minecraft:decorated_pot":1,"minecraft:light_gray_bed":2,"minecraft:coal_block":2,"minecraft:oxeye_daisy":1,"minecraft:spawner":2,"minecraft:redstone_ore":2,"minecraft:magma_block":6,"minecraft:furnace":4,"minecraft:iron_ore":31,"minecraft:fire":1,"treechop:chopped_log":5,"minecraft:deepslate_lapis_ore":5,"minecraft:deepslate_iron_ore":2,"minecraft:cave_vines":27,"minecraft:stone":124,"minecraft:deepslate_redstone_ore":6,"minecraft:blackstone":1,"minecraft:orange_terracotta":2,"minecraft:powder_snow":1,"minecraft:clay":1,"minecraft:crafting_table":8,"minecraft:light_gray_terracotta":1,"minecraft:blast_furnace":3,"minecraft:calcite":16,"minecraft:poppy":1,"minecraft:chest":1,"minecraft:dead_bush":11,"minecraft:tall_grass":4,"minecraft:deepslate_gold_ore":7,"minecraft:cyan_bed":4,"minecraft:red_terracotta":8,"minecraft:coarse_dirt":1,"minecraft:grass":30,"minecraft:coal_ore":72,"minecraft:dirt":2,"minecraft:cyan_carpet":1,"minecraft:brown_terracotta":1,"minecraft:smooth_basalt":1,"minecraft:terracotta":9,"minecraft:oak_leaves":6,"minecraft:deepslate":14},"minecraft:killed":{"minecraft:cave_spider":1,"minecraft:spider":3,"minecraft:skeleton":3,"minecraft:chicken":4,"minecraft:pig":3,"minecraft:sheep":3,"minecraft:zombie":12},"minecraft:broken":{"minecraft:stone_pickaxe":1},"minecraft:crafted":{"minecraft:oak_planks":23,"minecraft:furnace":2,"minecraft:cooked_mutton":4,"minecraft:iron_boots":1,"minecraft:iron_axe":1,"minecraft:stone_pickaxe":3,"minecraft:red_dye":1,"minecraft:cooked_porkchop":7,"minecraft:crafting_table":5,"minecraft:wooden_pickaxe":2,"minecraft:iron_sword":1,"minecraft:mangrove_planks":7,"epicfight:iron_longsword":1,"minecraft:stone_axe":1,"minecraft:air":129,"minecraft:oak_boat":2,"minecraft:shield":1,"minecraft:stick":9,"minecraft:iron_pickaxe":2,"minecraft:iron_ingot":11,"minecraft:stone_sword":2,"minecraft:iron_leggings":1},"minecraft:killed_by":{"alexsmobs:emu":1},"minecraft:used":{"minecraft:stone_sword":63,"minecraft:decorated_pot":1,"minecraft:shield":1,"minecraft:rotten_flesh":10,"minecraft:torch":10,"minecraft:dirt":2,"minecraft:brown_terracotta":1,"minecraft:iron_axe":3,"minecraft:furnace":4,"minecraft:cobbled_deepslate":1,"minecraft:orange_terracotta":2,"minecraft:cooked_mutton":4,"epicfight:skillbook":1,"minecraft:stone_pickaxe":231,"minecraft:blackstone":1,"minecraft:wooden_pickaxe":57,"epicfight:iron_longsword":31,"minecraft:glow_berries":27,"minecraft:golden_hoe":2,"minecraft:terracotta":9,"minecraft:crafting_table":11,"minecraft:blast_furnace":1,"minecraft:light_gray_terracotta":1,"minecraft:white_bed":1,"minecraft:apple":4,"minecraft:oxeye_daisy":1,"minecraft:bread":4,"minecraft:chicken":1,"minecraft:cyan_bed":3,"minecraft:iron_pickaxe":71,"minecraft:red_terracotta":8,"minecraft:stone_axe":1,"minecraft:cobblestone":35,"minecraft:cooked_porkchop":7,"minecraft:pumpkin_pie":2,"alexsmobs:animal_dictionary":1,"minecraft:oak_boat":4,"minecraft:coarse_dirt":1}},"DataVersion":3465}