{"stats":{"minecraft:custom":{"minecraft:mob_kills":21,"minecraft:interact_with_crafting_table":32,"minecraft:open_barrel":9,"minecraft:leave_game":1,"minecraft:time_since_death":21713,"minecraft:sprint_one_cm":528456,"minecraft:walk_one_cm":781215,"minecraft:damage_blocked_by_shield":50,"minecraft:drop":16,"minecraft:damage_dealt_absorbed":40,"minecraft:talked_to_villager":2,"minecraft:play_time":92010,"minecraft:deaths":9,"minecraft:sneak_time":2795,"minecraft:walk_under_water_one_cm":14761,"minecraft:boat_one_cm":161178,"minecraft:jump":2136,"minecraft:interact_with_blast_furnace":8,"minecraft:walk_on_water_one_cm":13831,"minecraft:total_world_time":92010,"minecraft:interact_with_furnace":28,"minecraft:sleep_in_bed":1,"minecraft:time_since_rest":10675,"minecraft:damage_taken":2840,"minecraft:damage_dealt":2872,"minecraft:swim_one_cm":11312,"minecraft:fly_one_cm":641412,"minecraft:open_chest":19,"minecraft:crouch_one_cm":19792,"minecraft:fall_one_cm":52993},"minecraft:picked_up":{"minecraft:mud":14,"minecraft:coarse_dirt":1,"minecraft:crafting_table":7,"minecraft:chicken":4,"minecraft:wooden_pickaxe":1,"minecraft:string":5,"minecraft:blackstone":1,"minecraft:cyan_carpet":1,"minecraft:red_dye":1,"minecraft:oak_boat":3,"minecraft:calcite":16,"minecraft:azalea":3,"minecraft:poppy":1,"minecraft:coal_block":4,"minecraft:chest":1,"minecraft:mangrove_log":7,"minecraft:furnace":4,"minecraft:raw_iron":26,"minecraft:stick":22,"minecraft:brown_terracotta":1,"minecraft:porkchop":7,"minecraft:redstone":10,"minecraft:arrow":1,"minecraft:light_gray_bed":2,"minecraft:rotten_flesh":5,"minecraft:decorated_pot":1,"minecraft:glow_berries":19,"minecraft:mutton":4,"minecraft:white_wool":2,"minecraft:rail":2,"minecraft:cobblestone":119,"minecraft:oxeye_daisy":1,"minecraft:feather":3,"minecraft:oak_log":23,"minecraft:dirt":3,"minecraft:orange_terracotta":2,"minecraft:bone":2,"minecraft:apple":1,"minecraft:wheat_seeds":7,"minecraft:bamboo":5,"minecraft:flowering_azalea":1,"minecraft:blast_furnace":3,"minecraft:white_bed":1,"minecraft:cyan_bed":3,"minecraft:red_terracotta":8,"minecraft:spider_eye":1,"alexsmobs:animal_dictionary":1,"minecraft:light_gray_terracotta":1,"minecraft:diamond":1,"minecraft:gray_wool":1,"minecraft:terracotta":9,"minecraft:oak_sapling":9,"minecraft:coal":146},"minecraft:dropped":{"minecraft:wheat_seeds":7,"minecraft:rail":2,"minecraft:coal_block":2,"minecraft:dirt":1,"minecraft:potion":1,"minecraft:red_dye":1,"minecraft:stone_sword":1,"minecraft:stone_pickaxe":1,"minecraft:wooden_pickaxe":2},"minecraft:mined":{"minecraft:diamond_ore":1,"minecraft:white_bed":1,"minecraft:cave_vines_plant":2,"minecraft:grass_block":1,"minecraft:decorated_pot":1,"minecraft:light_gray_bed":2,"minecraft:coal_block":2,"minecraft:oxeye_daisy":1,"minecraft:spawner":1,"minecraft:redstone_ore":2,"minecraft:magma_block":6,"minecraft:furnace":4,"minecraft:iron_ore":27,"minecraft:fire":1,"treechop:chopped_log":5,"minecraft:cave_vines":27,"minecraft:stone":119,"minecraft:blackstone":1,"minecraft:orange_terracotta":2,"minecraft:powder_snow":1,"minecraft:clay":1,"minecraft:crafting_table":7,"minecraft:light_gray_terracotta":1,"minecraft:blast_furnace":3,"minecraft:calcite":16,"minecraft:poppy":1,"minecraft:chest":1,"minecraft:dead_bush":11,"minecraft:tall_grass":3,"minecraft:cyan_bed":3,"minecraft:red_terracotta":8,"minecraft:coarse_dirt":1,"minecraft:grass":30,"minecraft:coal_ore":72,"minecraft:dirt":2,"minecraft:cyan_carpet":1,"minecraft:brown_terracotta":1,"minecraft:smooth_basalt":1,"minecraft:terracotta":9,"minecraft:oak_leaves":6,"minecraft:deepslate":1},"minecraft:killed":{"minecraft:cave_spider":1,"minecraft:spider":3,"minecraft:skeleton":2,"minecraft:chicken":4,"minecraft:pig":3,"minecraft:sheep":3,"minecraft:zombie":4},"minecraft:broken":{"minecraft:stone_pickaxe":1},"minecraft:crafted":{"minecraft:oak_planks":23,"minecraft:furnace":2,"minecraft:cooked_mutton":4,"minecraft:iron_axe":1,"minecraft:stone_pickaxe":3,"minecraft:red_dye":1,"minecraft:cooked_porkchop":7,"minecraft:crafting_table":5,"minecraft:wooden_pickaxe":2,"minecraft:iron_sword":1,"minecraft:mangrove_planks":7,"epicfight:iron_longsword":1,"minecraft:stone_axe":1,"minecraft:air":129,"minecraft:oak_boat":2,"minecraft:shield":1,"minecraft:stick":9,"minecraft:iron_pickaxe":2,"minecraft:iron_ingot":11,"minecraft:stone_sword":2,"minecraft:iron_leggings":1},"minecraft:killed_by":{"alexsmobs:emu":1},"minecraft:used":{"minecraft:stone_sword":63,"minecraft:decorated_pot":1,"minecraft:shield":1,"minecraft:rotten_flesh":10,"minecraft:torch":10,"minecraft:dirt":2,"minecraft:brown_terracotta":1,"minecraft:iron_axe":2,"minecraft:furnace":4,"minecraft:orange_terracotta":2,"minecraft:cooked_mutton":2,"minecraft:stone_pickaxe":231,"minecraft:blackstone":1,"minecraft:wooden_pickaxe":57,"epicfight:iron_longsword":3,"minecraft:glow_berries":27,"minecraft:golden_hoe":2,"minecraft:terracotta":9,"minecraft:crafting_table":10,"minecraft:blast_furnace":1,"minecraft:light_gray_terracotta":1,"minecraft:white_bed":1,"minecraft:apple":4,"minecraft:oxeye_daisy":1,"minecraft:bread":4,"minecraft:chicken":1,"minecraft:cyan_bed":2,"minecraft:iron_pickaxe":26,"minecraft:red_terracotta":8,"minecraft:stone_axe":1,"minecraft:cobblestone":4,"minecraft:cooked_porkchop":3,"minecraft:pumpkin_pie":2,"alexsmobs:animal_dictionary":1,"minecraft:oak_boat":4,"minecraft:coarse_dirt":1}},"DataVersion":3465}