{"stats":{"minecraft:custom":{"minecraft:interact_with_furnace":6,"minecraft:mob_kills":7,"minecraft:interact_with_crafting_table":12,"minecraft:time_since_death":11356,"minecraft:time_since_rest":11383,"minecraft:sprint_one_cm":277582,"minecraft:damage_taken":870,"minecraft:walk_one_cm":498970,"minecraft:damage_blocked_by_shield":50,"minecraft:drop":7,"minecraft:damage_dealt":1032,"minecraft:talked_to_villager":2,"minecraft:damage_dealt_absorbed":20,"minecraft:swim_one_cm":1086,"minecraft:fly_one_cm":418684,"minecraft:open_chest":15,"minecraft:crouch_one_cm":15602,"minecraft:play_time":50399,"minecraft:deaths":3,"minecraft:sneak_time":2219,"minecraft:walk_under_water_one_cm":12753,"minecraft:boat_one_cm":11849,"minecraft:jump":1467,"minecraft:walk_on_water_one_cm":11043,"minecraft:total_world_time":50399,"minecraft:fall_one_cm":39467},"minecraft:picked_up":{"minecraft:mud":14,"minecraft:coarse_dirt":1,"minecraft:crafting_table":3,"minecraft:feather":1,"minecraft:chicken":2,"minecraft:oak_log":10,"minecraft:dirt":2,"minecraft:string":3,"minecraft:orange_terracotta":2,"minecraft:blackstone":1,"minecraft:wheat_seeds":7,"minecraft:azalea":3,"minecraft:bamboo":5,"minecraft:chest":1,"minecraft:flowering_azalea":1,"minecraft:mangrove_log":7,"minecraft:furnace":1,"minecraft:stick":21,"minecraft:raw_iron":4,"minecraft:brown_terracotta":1,"minecraft:white_bed":1,"minecraft:red_terracotta":8,"alexsmobs:animal_dictionary":1,"minecraft:light_gray_terracotta":1,"minecraft:arrow":1,"minecraft:light_gray_bed":2,"minecraft:rotten_flesh":1,"minecraft:terracotta":9,"minecraft:oak_sapling":5,"minecraft:glow_berries":19,"minecraft:coal":47,"minecraft:cobblestone":66,"minecraft:oxeye_daisy":1},"minecraft:dropped":{"minecraft:wheat_seeds":7},"minecraft:mined":{"minecraft:white_bed":1,"minecraft:blackstone":1,"minecraft:orange_terracotta":2,"minecraft:powder_snow":1,"minecraft:crafting_table":3,"minecraft:light_gray_terracotta":1,"minecraft:cave_vines_plant":2,"minecraft:grass_block":1,"minecraft:chest":1,"minecraft:dead_bush":11,"minecraft:light_gray_bed":2,"minecraft:tall_grass":3,"minecraft:oxeye_daisy":1,"minecraft:coarse_dirt":1,"minecraft:red_terracotta":8,"minecraft:magma_block":6,"minecraft:furnace":1,"minecraft:iron_ore":5,"treechop:chopped_log":3,"minecraft:grass":25,"minecraft:coal_ore":47,"minecraft:cave_vines":27,"minecraft:dirt":1,"minecraft:brown_terracotta":1,"minecraft:smooth_basalt":1,"minecraft:terracotta":9,"minecraft:stone":66,"minecraft:oak_leaves":6},"minecraft:killed":{"minecraft:spider":3,"minecraft:zombie":1,"minecraft:chicken":2},"minecraft:crafted":{"minecraft:oak_planks":10,"minecraft:crafting_table":4,"minecraft:wooden_pickaxe":2,"minecraft:furnace":1,"minecraft:mangrove_planks":7,"minecraft:stone_axe":1,"minecraft:air":76,"minecraft:oak_boat":1,"minecraft:shield":1,"minecraft:stick":5,"minecraft:iron_ingot":4,"minecraft:iron_pickaxe":1,"minecraft:stone_pickaxe":2,"minecraft:stone_sword":1},"minecraft:broken":{"minecraft:stone_pickaxe":1},"minecraft:killed_by":{"alexsmobs:emu":1},"minecraft:used":{"minecraft:stone_sword":17,"minecraft:stone_pickaxe":140,"minecraft:blackstone":1,"minecraft:wooden_pickaxe":27,"minecraft:shield":1,"minecraft:rotten_flesh":10,"minecraft:torch":10,"minecraft:glow_berries":27,"minecraft:golden_hoe":2,"minecraft:dirt":2,"minecraft:terracotta":9,"minecraft:crafting_table":5,"minecraft:light_gray_terracotta":1,"minecraft:white_bed":1,"minecraft:brown_terracotta":1,"minecraft:oxeye_daisy":1,"minecraft:chicken":1,"minecraft:red_terracotta":8,"minecraft:stone_axe":1,"minecraft:cobblestone":4,"minecraft:furnace":1,"minecraft:oak_boat":1,"alexsmobs:animal_dictionary":1,"minecraft:coarse_dirt":1,"minecraft:orange_terracotta":2}},"DataVersion":3465}