{"stats":{"minecraft:killed_by":{"mutantmonsters:mutant_creeper":1},"minecraft:crafted":{"minecraft:wooden_sword":1,"minecraft:oak_planks":20,"minecraft:crafting_table":2,"minecraft:stick":4,"minecraft:wooden_pickaxe":1,"minecraft:stone_pickaxe":1,"minecraft:furnace":1,"minecraft:birch_planks":44,"minecraft:stone_axe":1,"minecraft:air":0,"minecraft:bread":6},"minecraft:killed":{"minecraft:pig":1},"minecraft:used":{"minecraft:apple":2,"minecraft:bread":4,"minecraft:stone_pickaxe":61,"minecraft:wooden_pickaxe":8,"minecraft:stone_axe":1,"minecraft:wooden_sword":7,"minecraft:crafting_table":2,"minecraft:furnace":1},"minecraft:picked_up":{"minecraft:stick":3,"minecraft:crafting_table":1,"minecraft:wooden_pickaxe":1,"regions_unexplored:silt_dirt":14,"minecraft:porkchop":5,"minecraft:sand":2,"minecraft:oak_log":5,"regions_unexplored:enchanted_birch_sapling":3,"minecraft:gunpowder":1,"minecraft:string":1,"regions_unexplored:barley":64,"minecraft:apple":2,"minecraft:arrow":1,"minecraft:rotten_flesh":2,"regions_unexplored:mauve_sapling":2,"minecraft:wheat_seeds":3,"regions_unexplored:mauve_log":1,"regions_unexplored:silver_birch_log":11,"delightful:acorn":1,"supplementaries:ash":1,"minecraft:oak_sapling":2,"delightful:green_tea_leaf":1,"minecraft:oak_planks":8,"minecraft:cobblestone":55,"minecraft:furnace":1},"minecraft:mined":{"minecraft:furnace":1,"regions_unexplored:barley":35,"treechop:chopped_log":2,"minecraft:crafting_table":1,"regions_unexplored:sandy_grass":1,"minecraft:grass":2,"minecraft:sand":2,"regions_unexplored:medium_grass":9,"minecraft:tall_grass":9,"minecraft:stone":55,"regions_unexplored:silt_grass_block":1},"minecraft:custom":{"minecraft:time_since_rest":0,"minecraft:interact_with_furnace":4,"minecraft:sprint_one_cm":39252,"minecraft:damage_taken":590,"minecraft:walk_one_cm":39225,"minecraft:mob_kills":2,"minecraft:damage_dealt":444,"minecraft:swim_one_cm":3973,"minecraft:interact_with_crafting_table":5,"minecraft:fly_one_cm":54128,"minecraft:play_time":12585,"minecraft:deaths":1,"minecraft:sneak_time":24,"minecraft:walk_under_water_one_cm":274,"minecraft:jump":267,"minecraft:leave_game":1,"minecraft:time_since_death":0,"minecraft:walk_on_water_one_cm":604,"minecraft:total_world_time":12585,"minecraft:fall_one_cm":9552}},"DataVersion":3465}