{"stats":{"minecraft:dropped":{"minecraft:wheat_seeds":2,"delightful:green_tea_leaf":1,"delightful:cantaloupe_seeds":3},"minecraft:crafted":{"delightful:cantaloupe_slice":45,"regions_unexplored:mauve_planks":72,"minecraft:crafting_table":1,"minecraft:stick":4,"minecraft:wooden_pickaxe":1,"minecraft:wooden_axe":1,"regions_unexplored:mauve_boat":1},"minecraft:killed":{"minecraft:spider":1},"minecraft:used":{"regions_unexplored:mauve_boat":1,"minecraft:wooden_axe":5,"delightful:cantaloupe_seeds":4,"delightful:cantaloupe_slice":4,"minecraft:crafting_table":3,"regions_unexplored:mauve_sapling":5},"minecraft:picked_up":{"minecraft:stick":3,"minecraft:crafting_table":2,"delightful:cantaloupe":15,"regions_unexplored:barley":51,"regions_unexplored:aster":1,"regions_unexplored:mauve_sapling":5,"regions_unexplored:mauve_log":18,"minecraft:wheat_seeds":2,"delightful:cantaloupe_seeds":7,"delightful:green_tea_leaf":1},"minecraft:mined":{"regions_unexplored:barley":54,"delightful:cantaloupe":8,"treechop:chopped_log":1,"minecraft:crafting_table":2,"regions_unexplored:sandy_grass":4,"minecraft:grass":2,"delightful:cantaloupe_plant":7,"regions_unexplored:aster":1,"minecraft:tall_grass":3,"regions_unexplored:medium_grass":3},"minecraft:custom":{"minecraft:time_since_rest":11493,"minecraft:sprint_one_cm":38250,"minecraft:damage_taken":150,"minecraft:walk_one_cm":24441,"minecraft:mob_kills":1,"minecraft:drop":4,"minecraft:damage_dealt":40,"minecraft:swim_one_cm":1645,"minecraft:interact_with_crafting_table":4,"minecraft:fly_one_cm":39025,"minecraft:play_time":11493,"minecraft:sneak_time":70,"minecraft:walk_under_water_one_cm":55,"minecraft:boat_one_cm":14605,"minecraft:jump":186,"minecraft:leave_game":2,"minecraft:time_since_death":11493,"minecraft:walk_on_water_one_cm":542,"minecraft:total_world_time":11493,"minecraft:fall_one_cm":4851}},"DataVersion":3465}