{"stats":{"minecraft:dropped":{"delightful:green_tea_leaf":1,"minecraft:wheat_seeds":1},"minecraft:crafted":{"regions_unexplored:mauve_planks":72,"minecraft:crafting_table":1},"minecraft:used":{"regions_unexplored:mauve_sapling":5},"minecraft:picked_up":{"minecraft:stick":3,"regions_unexplored:aster":1,"regions_unexplored:mauve_sapling":5,"minecraft:wheat_seeds":1,"regions_unexplored:mauve_log":18,"delightful:green_tea_leaf":1},"minecraft:mined":{"regions_unexplored:aster":1,"treechop:chopped_log":1},"minecraft:custom":{"minecraft:time_since_rest":4863,"minecraft:play_time":4863,"minecraft:sprint_one_cm":9326,"minecraft:damage_taken":110,"minecraft:walk_one_cm":6263,"minecraft:sneak_time":62,"minecraft:drop":2,"minecraft:jump":63,"minecraft:leave_game":1,"minecraft:time_since_death":4863,"minecraft:total_world_time":4863,"minecraft:fall_one_cm":1658,"minecraft:fly_one_cm":11853}},"DataVersion":3465}