{"stats":{"minecraft:picked_up":{"minecraft:raw_iron":6,"minecraft:stick":17,"minecraft:crafting_table":4,"minecraft:pumpkin":6,"minecraft:torch":2,"epicfight:skillbook":1,"minecraft:oak_log":33,"minecraft:dirt":2,"minecraft:arrow":1,"minecraft:bone":3,"minecraft:apple":1,"minecraft:raw_gold":11,"minecraft:oak_sapling":13,"minecraft:coal":72,"minecraft:cobblestone":59,"minecraft:furnace":2},"minecraft:custom":{"minecraft:time_since_rest":20325,"minecraft:sprint_one_cm":36547,"minecraft:interact_with_furnace":11,"minecraft:damage_taken":180,"minecraft:walk_one_cm":186304,"minecraft:damage_blocked_by_shield":30,"minecraft:mob_kills":3,"minecraft:drop":2,"minecraft:damage_dealt":560,"minecraft:swim_one_cm":2238,"minecraft:interact_with_crafting_table":15,"minecraft:fly_one_cm":38497,"minecraft:crouch_one_cm":1024,"minecraft:play_time":20325,"minecraft:sneak_time":292,"minecraft:walk_under_water_one_cm":2145,"minecraft:jump":356,"minecraft:walk_on_water_one_cm":4181,"minecraft:time_since_death":20325,"minecraft:total_world_time":20325,"minecraft:fall_one_cm":4182},"minecraft:dropped":{"minecraft:dirt":2},"minecraft:mined":{"minecraft:furnace":2,"minecraft:iron_ore":7,"minecraft:pumpkin":6,"treechop:chopped_log":7,"minecraft:crafting_table":4,"minecraft:torch":2,"minecraft:grass":1,"minecraft:coal_ore":72,"minecraft:grass_block":2,"minecraft:oak_log":1,"minecraft:stone":59,"minecraft:gold_ore":11,"minecraft:oak_leaves":3},"minecraft:killed":{"minecraft:skeleton":2,"minecraft:spider":1},"minecraft:crafted":{"minecraft:oak_planks":8,"minecraft:charcoal":6,"minecraft:shield":1,"minecraft:crafting_table":2,"minecraft:stick":6,"minecraft:iron_pickaxe":1,"minecraft:iron_ingot":6,"minecraft:wooden_pickaxe":1,"minecraft:stone_pickaxe":2,"minecraft:wooden_axe":1,"minecraft:stone_sword":1,"minecraft:furnace":1,"minecraft:torch":5,"minecraft:stone_axe":1,"minecraft:air":62},"minecraft:broken":{"minecraft:stone_pickaxe":1},"minecraft:used":{"minecraft:wooden_axe":7,"minecraft:stone_sword":13,"minecraft:apple":1,"minecraft:stone_pickaxe":132,"minecraft:iron_pickaxe":17,"minecraft:shield":1,"minecraft:wooden_pickaxe":3,"minecraft:stone_axe":34,"minecraft:torch":7,"minecraft:crafting_table":4,"minecraft:furnace":2}},"DataVersion":3465}