{"stats":{"minecraft:picked_up":{"minecraft:raw_iron":10,"minecraft:stick":17,"minecraft:crafting_table":4,"minecraft:pumpkin":6,"minecraft:torch":2,"epicfight:skillbook":1,"minecraft:oak_log":36,"minecraft:dirt":11,"minecraft:arrow":1,"minecraft:bone":3,"minecraft:apple":1,"minecraft:raw_gold":11,"minecraft:oak_sapling":13,"minecraft:moss_block":1,"minecraft:glow_berries":6,"minecraft:coal":72,"minecraft:cobblestone":147,"minecraft:furnace":2},"minecraft:custom":{"minecraft:time_since_rest":7935,"minecraft:sprint_one_cm":69347,"minecraft:interact_with_furnace":12,"minecraft:damage_taken":410,"minecraft:walk_one_cm":299780,"minecraft:damage_blocked_by_shield":150,"minecraft:mob_kills":3,"minecraft:drop":2,"minecraft:damage_dealt":698,"minecraft:deaths":1,"minecraft:damage_dealt_absorbed":120,"minecraft:swim_one_cm":2238,"minecraft:interact_with_crafting_table":18,"minecraft:fly_one_cm":109115,"minecraft:crouch_one_cm":5503,"minecraft:play_time":32325,"minecraft:sneak_time":1048,"minecraft:walk_under_water_one_cm":2670,"minecraft:jump":632,"minecraft:walk_on_water_one_cm":10071,"minecraft:time_since_death":7910,"minecraft:total_world_time":32325,"minecraft:fall_one_cm":12939},"minecraft:dropped":{"minecraft:dirt":2},"minecraft:mined":{"minecraft:furnace":2,"minecraft:iron_ore":11,"minecraft:pumpkin":6,"treechop:chopped_log":7,"minecraft:crafting_table":4,"minecraft:torch":2,"minecraft:cave_vines":5,"minecraft:grass":1,"minecraft:coal_ore":72,"minecraft:grass_block":6,"minecraft:oak_log":4,"minecraft:dirt":5,"minecraft:stone":148,"minecraft:moss_block":1,"minecraft:gold_ore":11,"minecraft:oak_leaves":6},"minecraft:killed":{"minecraft:skeleton":2,"minecraft:spider":1},"minecraft:crafted":{"minecraft:oak_planks":11,"minecraft:charcoal":6,"minecraft:shield":1,"minecraft:crafting_table":3,"minecraft:stick":7,"minecraft:iron_pickaxe":1,"minecraft:iron_ingot":6,"minecraft:wooden_pickaxe":2,"minecraft:stone_pickaxe":3,"minecraft:wooden_axe":1,"minecraft:stone_sword":1,"minecraft:furnace":2,"minecraft:torch":5,"minecraft:stone_axe":1,"minecraft:air":79},"minecraft:broken":{"minecraft:stone_pickaxe":1},"minecraft:used":{"minecraft:wooden_axe":7,"minecraft:stone_sword":22,"minecraft:apple":1,"minecraft:stone_pickaxe":213,"minecraft:iron_pickaxe":17,"minecraft:shield":3,"minecraft:wooden_pickaxe":15,"minecraft:glow_berries":9,"minecraft:stone_axe":34,"minecraft:torch":11,"minecraft:dirt":6,"minecraft:crafting_table":5,"minecraft:furnace":3}},"DataVersion":3465}