{"stats":{"minecraft:picked_up":{"minecraft:iron_chestplate":1,"minecraft:coarse_dirt":8,"minecraft:crafting_table":9,"minecraft:clock":1,"minecraft:leather":3,"minecraft:jungle_wood":11,"minecraft:oak_log":47,"minecraft:red_bed":4,"minecraft:dirt":17,"minecraft:moss_carpet":1,"minecraft:bone":3,"minecraft:apple":2,"minecraft:wheat_seeds":10,"minecraft:raw_gold":11,"minecraft:beef":6,"minecraft:oak_boat":5,"minecraft:bamboo":85,"minecraft:lectern":2,"minecraft:moss_block":1,"minecraft:sugar_cane":10,"minecraft:furnace":4,"minecraft:book":30,"minecraft:black_candle":1,"minecraft:stick":18,"minecraft:raw_iron":18,"minecraft:pumpkin":6,"minecraft:dandelion":1,"minecraft:torch":2,"minecraft:acacia_log":1,"epicfight:skillbook":1,"minecraft:porkchop":10,"minecraft:arrow":1,"minecraft:decorated_pot":1,"minecraft:soul_lantern":1,"minecraft:bone_meal":1,"minecraft:oak_sapling":16,"minecraft:glow_berries":6,"minecraft:mutton":7,"minecraft:coal":113,"minecraft:white_wool":8,"minecraft:cobblestone":235},"minecraft:custom":{"minecraft:interact_with_smithing_table":2,"minecraft:interact_with_furnace":62,"minecraft:mob_kills":15,"minecraft:interact_with_crafting_table":34,"minecraft:interact_with_grindstone":2,"minecraft:time_since_death":73689,"minecraft:sleep_in_bed":5,"minecraft:climb_one_cm":6226,"minecraft:time_since_rest":5014,"minecraft:sprint_one_cm":356460,"minecraft:damage_taken":1340,"minecraft:walk_one_cm":887109,"minecraft:damage_blocked_by_shield":150,"minecraft:drop":15,"minecraft:damage_dealt":1848,"minecraft:damage_dealt_absorbed":120,"minecraft:swim_one_cm":2238,"minecraft:fly_one_cm":519681,"minecraft:open_chest":84,"minecraft:crouch_one_cm":10045,"minecraft:play_time":110325,"minecraft:deaths":2,"minecraft:sneak_time":2101,"minecraft:walk_under_water_one_cm":8713,"minecraft:boat_one_cm":327124,"minecraft:jump":2209,"minecraft:interact_with_brewingstand":1,"minecraft:walk_on_water_one_cm":19490,"minecraft:total_world_time":110325,"minecraft:fall_one_cm":61550},"minecraft:dropped":{"minecraft:sweet_berries":6,"minecraft:oak_log":1,"minecraft:stick":1,"minecraft:dirt":5,"minecraft:black_candle":1,"minecraft:melon_slice":1,"minecraft:oak_sapling":1,"minecraft:potion":1,"minecraft:sugar":3,"minecraft:white_wool":3,"minecraft:dandelion":1},"minecraft:mined":{"minecraft:podzol":3,"minecraft:acacia_leaves":2,"minecraft:red_bed":4,"minecraft:black_candle_cake":1,"minecraft:jungle_leaves":1,"minecraft:soul_lantern":1,"minecraft:crafting_table":9,"minecraft:torch":2,"minecraft:acacia_log":1,"minecraft:decorated_pot":1,"minecraft:grass_block":7,"minecraft:lectern":2,"minecraft:tall_grass":1,"minecraft:deepslate_coal_ore":2,"minecraft:spruce_leaves":6,"minecraft:sugar_cane":5,"minecraft:moss_block":1,"minecraft:coarse_dirt":8,"minecraft:furnace":4,"minecraft:sweet_berry_bush":1,"minecraft:beehive":1,"minecraft:iron_ore":11,"minecraft:lilac":1,"minecraft:pumpkin":6,"treechop:chopped_log":12,"minecraft:grass":3,"minecraft:bookshelf":10,"minecraft:oak_log":11,"minecraft:coal_ore":112,"minecraft:cave_vines":5,"minecraft:deepslate_iron_ore":8,"minecraft:vine":1,"minecraft:dirt":7,"minecraft:bamboo":8,"minecraft:stone":235,"minecraft:gold_ore":11,"minecraft:oak_leaves":18},"minecraft:killed":{"minecraft:pig":5,"minecraft:spider":1,"minecraft:sheep":5,"minecraft:skeleton":2,"minecraft:cow":2},"minecraft:broken":{"minecraft:stone_pickaxe":1},"minecraft:crafted":{"minecraft:cooked_beef":11,"minecraft:oak_planks":39,"minecraft:cooked_porkchop":15,"minecraft:crafting_table":4,"minecraft:iron_helmet":1,"minecraft:cooked_chicken":7,"minecraft:wooden_pickaxe":3,"minecraft:iron_sword":1,"minecraft:furnace":2,"minecraft:stone_axe":3,"minecraft:air":103,"minecraft:jungle_planks":44,"minecraft:oak_boat":2,"minecraft:diamond_pickaxe":1,"minecraft:charcoal":6,"minecraft:shield":2,"minecraft:stick":25,"minecraft:iron_ingot":19,"minecraft:iron_pickaxe":1,"minecraft:stone_pickaxe":4,"minecraft:wooden_axe":1,"minecraft:stone_sword":3,"minecraft:iron_leggings":1,"minecraft:torch":5},"minecraft:used":{"minecraft:stone_sword":48,"minecraft:stone_pickaxe":227,"minecraft:wooden_pickaxe":26,"minecraft:shield":3,"minecraft:iron_sword":16,"minecraft:cooked_chicken":2,"minecraft:torch":11,"minecraft:glow_berries":9,"minecraft:dirt":10,"minecraft:crafting_table":9,"minecraft:red_bed":2,"minecraft:jungle_planks":7,"minecraft:diamond_pickaxe":18,"minecraft:wooden_axe":7,"minecraft:apple":2,"minecraft:bread":17,"minecraft:iron_pickaxe":124,"minecraft:stone_axe":96,"minecraft:sweet_berries":16,"minecraft:furnace":4,"minecraft:cooked_porkchop":1,"minecraft:oak_boat":7,"minecraft:coarse_dirt":8,"minecraft:cooked_beef":1}},"DataVersion":3465}