{"stats":{"minecraft:custom":{"minecraft:interact_with_furnace":13,"minecraft:mob_kills":12,"minecraft:interact_with_crafting_table":27,"minecraft:time_since_death":25689,"minecraft:sleep_in_bed":1,"minecraft:climb_one_cm":2042,"minecraft:time_since_rest":10675,"minecraft:sprint_one_cm":204781,"minecraft:damage_taken":830,"minecraft:walk_one_cm":590067,"minecraft:damage_blocked_by_shield":150,"minecraft:drop":13,"minecraft:damage_dealt":1488,"minecraft:damage_dealt_absorbed":120,"minecraft:swim_one_cm":2238,"minecraft:fly_one_cm":338318,"minecraft:open_chest":17,"minecraft:crouch_one_cm":7541,"minecraft:play_time":62325,"minecraft:deaths":2,"minecraft:sneak_time":1477,"minecraft:walk_under_water_one_cm":6148,"minecraft:boat_one_cm":35545,"minecraft:jump":1380,"minecraft:walk_on_water_one_cm":10686,"minecraft:total_world_time":62325,"minecraft:fall_one_cm":33892},"minecraft:picked_up":{"minecraft:coarse_dirt":8,"minecraft:crafting_table":9,"minecraft:leather":3,"minecraft:jungle_wood":11,"minecraft:oak_log":47,"minecraft:red_bed":3,"minecraft:dirt":16,"minecraft:moss_carpet":1,"minecraft:bone":3,"minecraft:apple":2,"minecraft:raw_gold":11,"minecraft:beef":6,"minecraft:oak_boat":1,"minecraft:lectern":2,"minecraft:moss_block":1,"minecraft:furnace":4,"minecraft:book":30,"minecraft:black_candle":1,"minecraft:stick":18,"minecraft:raw_iron":14,"minecraft:pumpkin":6,"minecraft:torch":2,"minecraft:acacia_log":1,"epicfight:skillbook":1,"minecraft:porkchop":2,"minecraft:arrow":1,"minecraft:soul_lantern":1,"minecraft:oak_sapling":16,"minecraft:glow_berries":6,"minecraft:mutton":7,"minecraft:coal":72,"minecraft:white_wool":5,"minecraft:cobblestone":165},"minecraft:dropped":{"minecraft:sweet_berries":6,"minecraft:oak_log":1,"minecraft:stick":1,"minecraft:dirt":5,"minecraft:black_candle":1,"minecraft:melon_slice":1,"minecraft:oak_sapling":1,"minecraft:potion":1,"minecraft:sugar":3},"minecraft:mined":{"minecraft:podzol":3,"minecraft:acacia_leaves":2,"minecraft:red_bed":3,"minecraft:black_candle_cake":1,"minecraft:soul_lantern":1,"minecraft:crafting_table":9,"minecraft:torch":2,"minecraft:acacia_log":1,"minecraft:grass_block":6,"minecraft:lectern":2,"minecraft:tall_grass":1,"minecraft:moss_block":1,"minecraft:coarse_dirt":8,"minecraft:furnace":4,"minecraft:sweet_berry_bush":1,"minecraft:beehive":1,"minecraft:iron_ore":11,"minecraft:lilac":1,"minecraft:pumpkin":6,"treechop:chopped_log":12,"minecraft:grass":1,"minecraft:bookshelf":10,"minecraft:oak_log":11,"minecraft:coal_ore":72,"minecraft:cave_vines":5,"minecraft:deepslate_iron_ore":4,"minecraft:vine":1,"minecraft:dirt":7,"minecraft:stone":165,"minecraft:gold_ore":11,"minecraft:oak_leaves":18},"minecraft:killed":{"minecraft:pig":2,"minecraft:spider":1,"minecraft:sheep":5,"minecraft:skeleton":2,"minecraft:cow":2},"minecraft:crafted":{"minecraft:oak_planks":39,"minecraft:crafting_table":4,"minecraft:wooden_pickaxe":3,"minecraft:furnace":2,"minecraft:stone_axe":3,"minecraft:air":103,"minecraft:oak_boat":2,"minecraft:charcoal":6,"minecraft:shield":1,"minecraft:stick":13,"minecraft:iron_ingot":6,"minecraft:iron_pickaxe":1,"minecraft:stone_pickaxe":4,"minecraft:wooden_axe":1,"minecraft:stone_sword":3,"minecraft:torch":5},"minecraft:broken":{"minecraft:stone_pickaxe":1},"minecraft:used":{"minecraft:stone_sword":44,"minecraft:stone_pickaxe":227,"minecraft:wooden_pickaxe":26,"minecraft:shield":3,"minecraft:torch":11,"minecraft:glow_berries":9,"minecraft:dirt":10,"minecraft:crafting_table":9,"minecraft:red_bed":1,"minecraft:wooden_axe":7,"minecraft:apple":2,"minecraft:bread":3,"minecraft:iron_pickaxe":17,"minecraft:stone_axe":96,"minecraft:sweet_berries":16,"minecraft:furnace":3,"minecraft:oak_boat":2,"minecraft:coarse_dirt":1,"minecraft:cooked_beef":1}},"DataVersion":3465}