{"stats":{"minecraft:picked_up":{"minecraft:iron_chestplate":1,"minecraft:coarse_dirt":8,"minecraft:crafting_table":9,"minecraft:clock":1,"minecraft:leather":3,"minecraft:jungle_wood":11,"minecraft:oak_log":47,"minecraft:red_bed":3,"minecraft:dirt":16,"minecraft:moss_carpet":1,"minecraft:bone":3,"minecraft:apple":2,"minecraft:wheat_seeds":8,"minecraft:raw_gold":11,"minecraft:beef":6,"minecraft:oak_boat":1,"minecraft:lectern":2,"minecraft:moss_block":1,"minecraft:sugar_cane":10,"minecraft:furnace":4,"minecraft:book":30,"minecraft:black_candle":1,"minecraft:stick":18,"minecraft:raw_iron":18,"minecraft:pumpkin":6,"minecraft:torch":2,"minecraft:acacia_log":1,"epicfight:skillbook":1,"minecraft:porkchop":7,"minecraft:arrow":1,"minecraft:soul_lantern":1,"minecraft:oak_sapling":16,"minecraft:glow_berries":6,"minecraft:mutton":7,"minecraft:coal":75,"minecraft:white_wool":5,"minecraft:cobblestone":219},"minecraft:custom":{"minecraft:interact_with_smithing_table":2,"minecraft:interact_with_furnace":24,"minecraft:mob_kills":14,"minecraft:interact_with_crafting_table":30,"minecraft:interact_with_grindstone":2,"minecraft:time_since_death":37689,"minecraft:sleep_in_bed":2,"minecraft:climb_one_cm":2328,"minecraft:time_since_rest":9023,"minecraft:sprint_one_cm":253012,"minecraft:damage_taken":980,"minecraft:walk_one_cm":700546,"minecraft:damage_blocked_by_shield":150,"minecraft:drop":13,"minecraft:damage_dealt":1748,"minecraft:damage_dealt_absorbed":120,"minecraft:swim_one_cm":2238,"minecraft:fly_one_cm":387180,"minecraft:open_chest":53,"minecraft:crouch_one_cm":7776,"minecraft:play_time":74325,"minecraft:deaths":2,"minecraft:sneak_time":1504,"minecraft:walk_under_water_one_cm":7685,"minecraft:boat_one_cm":35545,"minecraft:jump":1576,"minecraft:interact_with_brewingstand":1,"minecraft:walk_on_water_one_cm":13204,"minecraft:total_world_time":74325,"minecraft:fall_one_cm":41181},"minecraft:dropped":{"minecraft:sweet_berries":6,"minecraft:oak_log":1,"minecraft:stick":1,"minecraft:dirt":5,"minecraft:black_candle":1,"minecraft:melon_slice":1,"minecraft:oak_sapling":1,"minecraft:potion":1,"minecraft:sugar":3},"minecraft:mined":{"minecraft:podzol":3,"minecraft:acacia_leaves":2,"minecraft:red_bed":3,"minecraft:black_candle_cake":1,"minecraft:soul_lantern":1,"minecraft:crafting_table":9,"minecraft:torch":2,"minecraft:acacia_log":1,"minecraft:grass_block":6,"minecraft:lectern":2,"minecraft:tall_grass":1,"minecraft:deepslate_coal_ore":2,"minecraft:sugar_cane":5,"minecraft:moss_block":1,"minecraft:coarse_dirt":8,"minecraft:furnace":4,"minecraft:sweet_berry_bush":1,"minecraft:beehive":1,"minecraft:iron_ore":11,"minecraft:lilac":1,"minecraft:pumpkin":6,"treechop:chopped_log":12,"minecraft:grass":2,"minecraft:bookshelf":10,"minecraft:oak_log":11,"minecraft:coal_ore":73,"minecraft:cave_vines":5,"minecraft:deepslate_iron_ore":8,"minecraft:vine":1,"minecraft:dirt":7,"minecraft:stone":219,"minecraft:gold_ore":11,"minecraft:oak_leaves":18},"minecraft:killed":{"minecraft:pig":4,"minecraft:spider":1,"minecraft:sheep":5,"minecraft:skeleton":2,"minecraft:cow":2},"minecraft:crafted":{"minecraft:oak_planks":39,"minecraft:crafting_table":4,"minecraft:cooked_chicken":7,"minecraft:wooden_pickaxe":3,"minecraft:iron_sword":1,"minecraft:furnace":2,"minecraft:stone_axe":3,"minecraft:air":103,"minecraft:jungle_planks":44,"minecraft:oak_boat":2,"minecraft:diamond_pickaxe":1,"minecraft:charcoal":6,"minecraft:shield":2,"minecraft:stick":25,"minecraft:iron_ingot":15,"minecraft:iron_pickaxe":1,"minecraft:stone_pickaxe":4,"minecraft:wooden_axe":1,"minecraft:stone_sword":3,"minecraft:torch":5},"minecraft:broken":{"minecraft:stone_pickaxe":1},"minecraft:used":{"minecraft:stone_sword":48,"minecraft:stone_pickaxe":227,"minecraft:wooden_pickaxe":26,"minecraft:shield":3,"minecraft:iron_sword":7,"minecraft:torch":11,"minecraft:glow_berries":9,"minecraft:dirt":10,"minecraft:crafting_table":9,"minecraft:red_bed":1,"minecraft:diamond_pickaxe":6,"minecraft:wooden_axe":7,"minecraft:apple":2,"minecraft:bread":6,"minecraft:iron_pickaxe":72,"minecraft:stone_axe":96,"minecraft:sweet_berries":16,"minecraft:furnace":4,"minecraft:oak_boat":2,"minecraft:coarse_dirt":1,"minecraft:cooked_beef":1}},"DataVersion":3465}