{"stats":{"minecraft:custom":{"minecraft:interact_with_furnace":13,"minecraft:mob_kills":3,"minecraft:interact_with_crafting_table":26,"minecraft:time_since_death":7689,"minecraft:climb_one_cm":352,"minecraft:time_since_rest":7724,"minecraft:sprint_one_cm":111944,"minecraft:damage_taken":680,"minecraft:walk_one_cm":388554,"minecraft:damage_blocked_by_shield":150,"minecraft:drop":6,"minecraft:damage_dealt":698,"minecraft:damage_dealt_absorbed":120,"minecraft:swim_one_cm":2238,"minecraft:fly_one_cm":190233,"minecraft:crouch_one_cm":7541,"minecraft:play_time":44325,"minecraft:deaths":2,"minecraft:sneak_time":1459,"minecraft:walk_under_water_one_cm":6148,"minecraft:boat_one_cm":35545,"minecraft:jump":949,"minecraft:walk_on_water_one_cm":10686,"minecraft:total_world_time":44325,"minecraft:fall_one_cm":21619},"minecraft:picked_up":{"minecraft:coarse_dirt":8,"minecraft:crafting_table":9,"minecraft:oak_log":47,"minecraft:dirt":16,"minecraft:moss_carpet":1,"minecraft:bone":3,"minecraft:apple":2,"minecraft:raw_gold":11,"minecraft:oak_boat":1,"minecraft:moss_block":1,"minecraft:furnace":3,"minecraft:stick":17,"minecraft:raw_iron":10,"minecraft:pumpkin":6,"minecraft:torch":2,"minecraft:acacia_log":1,"epicfight:skillbook":1,"minecraft:arrow":1,"minecraft:oak_sapling":16,"minecraft:glow_berries":6,"minecraft:coal":72,"minecraft:cobblestone":165},"minecraft:dropped":{"minecraft:dirt":5,"minecraft:oak_sapling":1},"minecraft:mined":{"minecraft:podzol":3,"minecraft:acacia_leaves":2,"minecraft:crafting_table":9,"minecraft:torch":2,"minecraft:acacia_log":1,"minecraft:grass_block":6,"minecraft:tall_grass":1,"minecraft:moss_block":1,"minecraft:coarse_dirt":8,"minecraft:furnace":3,"minecraft:iron_ore":11,"minecraft:pumpkin":6,"treechop:chopped_log":10,"minecraft:grass":1,"minecraft:oak_log":11,"minecraft:coal_ore":72,"minecraft:cave_vines":5,"minecraft:dirt":7,"minecraft:stone":165,"minecraft:gold_ore":11,"minecraft:oak_leaves":18},"minecraft:killed":{"minecraft:spider":1,"minecraft:skeleton":2},"minecraft:crafted":{"minecraft:oak_planks":39,"minecraft:crafting_table":4,"minecraft:wooden_pickaxe":3,"minecraft:furnace":2,"minecraft:stone_axe":3,"minecraft:air":103,"minecraft:oak_boat":2,"minecraft:charcoal":6,"minecraft:shield":1,"minecraft:stick":13,"minecraft:iron_ingot":6,"minecraft:iron_pickaxe":1,"minecraft:stone_pickaxe":4,"minecraft:wooden_axe":1,"minecraft:stone_sword":3,"minecraft:torch":5},"minecraft:broken":{"minecraft:stone_pickaxe":1},"minecraft:used":{"minecraft:stone_sword":25,"minecraft:stone_pickaxe":220,"minecraft:wooden_pickaxe":26,"minecraft:shield":3,"minecraft:torch":11,"minecraft:glow_berries":9,"minecraft:dirt":10,"minecraft:crafting_table":9,"minecraft:wooden_axe":7,"minecraft:apple":1,"minecraft:iron_pickaxe":17,"minecraft:stone_axe":62,"minecraft:furnace":3,"minecraft:oak_boat":2}},"DataVersion":3465}