{"stats":{"minecraft:picked_up":{"minecraft:raw_iron":2,"minecraft:stick":4,"minecraft:crafting_table":2,"minecraft:torch":2,"epicfight:skillbook":1,"minecraft:oak_log":14,"minecraft:dirt":2,"minecraft:arrow":1,"minecraft:bone":1,"minecraft:apple":1,"minecraft:oak_sapling":5,"minecraft:cobblestone":49,"minecraft:furnace":1},"minecraft:custom":{"minecraft:time_since_rest":8325,"minecraft:sprint_one_cm":13669,"minecraft:interact_with_furnace":7,"minecraft:damage_taken":110,"minecraft:walk_one_cm":56121,"minecraft:mob_kills":1,"minecraft:drop":2,"minecraft:damage_dealt":200,"minecraft:interact_with_crafting_table":10,"minecraft:fly_one_cm":14797,"minecraft:crouch_one_cm":698,"minecraft:play_time":8325,"minecraft:sneak_time":141,"minecraft:jump":75,"minecraft:time_since_death":8325,"minecraft:total_world_time":8325,"minecraft:fall_one_cm":1823},"minecraft:dropped":{"minecraft:dirt":2},"minecraft:mined":{"minecraft:furnace":1,"minecraft:iron_ore":2,"treechop:chopped_log":3,"minecraft:crafting_table":2,"minecraft:torch":2,"minecraft:grass_block":2,"minecraft:oak_log":1,"minecraft:stone":49,"minecraft:oak_leaves":1},"minecraft:killed":{"minecraft:skeleton":1},"minecraft:crafted":{"minecraft:oak_planks":8,"minecraft:charcoal":6,"minecraft:crafting_table":2,"minecraft:stick":5,"minecraft:wooden_pickaxe":1,"minecraft:stone_pickaxe":2,"minecraft:wooden_axe":1,"minecraft:stone_sword":1,"minecraft:furnace":1,"minecraft:torch":1,"minecraft:stone_axe":1,"minecraft:air":42},"minecraft:used":{"minecraft:wooden_axe":7,"minecraft:stone_sword":4,"minecraft:apple":1,"minecraft:stone_pickaxe":50,"minecraft:wooden_pickaxe":3,"minecraft:stone_axe":1,"minecraft:torch":5,"minecraft:crafting_table":2,"minecraft:furnace":1}},"DataVersion":3465}